target	config	proto	iteration	req_per_sec	transfer	lat_avg	lat_p99	non2xx	cpu_pct	mem_mb
nginx	base	http1.1	1	2191.88	114.62MB	43.98ms	114.26ms	0	240.0	22.4
nginx	base	http1.1	2	2182.67	114.14MB	44.43ms	110.27ms	0	227.5	23.0
nginx	base	http1.1	3	2046.20	107.00MB	46.82ms	108.39ms	0	219.6	22.3
nginx	base	http2	1	2352.99	122.88MB/s	213.69ms	NA	0	180.9	27.8
nginx	base	http2	2	2334.62	121.92MB/s	218.65ms	NA	0	177.6	27.1
nginx	base	http2	3	2313.98	120.84MB/s	226.01ms	NA	0	177.7	27.6
veil_glibc	grpc_h2_access_log	grpc	1	1471.71	NA	31.329	NA	0	0.1	29.9
veil_glibc	grpc_h2_access_log	grpc	2	1523.13	NA	30.915	NA	0	137.8	54.4
veil_glibc	grpc_h2_access_log	grpc	3	1505.90	NA	31.029	NA	0	131.5	59.7
veil_glibc	grpc_h2_metrics	grpc	1	1553.80	NA	30.357	NA	0	137.7	32.3
veil_glibc	grpc_h2_metrics	grpc	2	1413.46	NA	33.021	NA	0	111.5	35.3
veil_glibc	grpc_h2_metrics	grpc	3	1342.79	NA	35.042	NA	0	105.2	37.1
veil_glibc	grpc_h2_otel	grpc	1	1588.55	NA	29.610	NA	0	139.3	32.9
veil_glibc	grpc_h2_otel	grpc	2	1605.82	NA	29.277	NA	0	128.1	35.6
veil_glibc	grpc_h2_otel	grpc	3	1604.25	NA	29.364	NA	0	130.7	36.1
veil_glibc	grpc_h2_rate_limit	grpc	1	1585.18	NA	29.632	NA	0	139.2	34.7
veil_glibc	grpc_h2_rate_limit	grpc	2	1585.46	NA	29.756	NA	0	126.4	37.8
veil_glibc	grpc_h2_rate_limit	grpc	3	1608.81	NA	29.201	NA	0	136.0	39.2
veil_glibc	grpc_h2_wasm	grpc	1	1570.03	NA	29.796	NA	0	131.7	64.6
veil_glibc	grpc_h2_wasm	grpc	2	1582.02	NA	29.470	NA	0	130.0	67.0
veil_glibc	grpc_h2_wasm	grpc	3	1599.25	NA	29.567	NA	0	137.7	67.8
veil_glibc	grpc_h3_access_log	grpc_h3	1	NA	NA	NA	NA	NA	NA	NA
veil_glibc	grpc_h3_metrics	grpc_h3	1	NA	NA	NA	NA	NA	NA	NA
veil_glibc	grpc_h3_otel	grpc_h3	1	NA	NA	NA	NA	NA	NA	NA
veil_glibc	grpc_h3_rate_limit	grpc_h3	1	NA	NA	NA	NA	NA	NA	NA
veil_glibc	grpc_h3	grpc_h3	1	NA	NA	NA	NA	NA	NA	NA
veil_glibc	grpc_h3_wasm	grpc_h3	1	NA	NA	NA	NA	NA	NA	NA
veil_glibc	h2_0_feat_l4	http1.1	1	5131.49	268.27MB	18.85ms	41.10ms	0	131.6	63.1
veil_glibc	h2_0_feat_l4	http1.1	2	5074.30	265.27MB	19.05ms	37.96ms	0	124.6	94.1
veil_glibc	h2_0_feat_l4	http1.1	3	5019.32	262.41MB	19.29ms	41.17ms	0	123.7	125.4
veil_glibc	h2_0_ktls_0_lb_cbpf_ofc_0	http1.1	1	1481.72	77.28MB	65.63ms	143.50ms	0	100.3	59.9
veil_glibc	h2_0_ktls_0_lb_cbpf_ofc_0	http1.1	2	1488.26	77.62MB	65.02ms	141.49ms	0	102.6	64.4
veil_glibc	h2_0_ktls_0_lb_cbpf_ofc_0	http1.1	3	1475.96	76.98MB	65.65ms	143.54ms	0	102.3	76.6
veil_glibc	h2_0_ktls_0_lb_cbpf_ofc_1	http1.1	1	1943.47	101.36MB	49.81ms	61.49ms	0	103.7	60.0
veil_glibc	h2_0_ktls_0_lb_cbpf_ofc_1	http1.1	2	1947.53	101.57MB	49.81ms	63.16ms	0	102.3	72.5
veil_glibc	h2_0_ktls_0_lb_cbpf_ofc_1	http1.1	3	1937.12	101.03MB	50.04ms	62.59ms	0	102.4	78.5
veil_glibc	h2_0_ktls_0_lb_kernel_ofc_0	http1.1	1	2696.14	140.68MB	36.52ms	110.30ms	0	236.6	86.3
veil_glibc	h2_0_ktls_0_lb_kernel_ofc_0	http1.1	2	2681.42	139.90MB	36.39ms	101.12ms	0	229.7	92.2
veil_glibc	h2_0_ktls_0_lb_kernel_ofc_0	http1.1	3	2684.59	140.05MB	36.42ms	101.20ms	0	237.9	100.4
veil_glibc	h2_0_ktls_0_lb_kernel_ofc_1	http1.1	1	3199.82	166.98MB	30.09ms	87.29ms	0	217.7	88.5
veil_glibc	h2_0_ktls_0_lb_kernel_ofc_1	http1.1	2	3218.57	167.91MB	30.01ms	86.42ms	0	201.7	89.3
veil_glibc	h2_0_ktls_0_lb_kernel_ofc_1	http1.1	3	3220.38	168.02MB	29.93ms	83.49ms	0	197.8	106.0
veil_glibc	h2_0_ktls_1_lb_cbpf_ofc_0	http1.1	1	1025.34	53.48MB	91.99ms	175.96ms	0	100.9	51.5
veil_glibc	h2_0_ktls_1_lb_cbpf_ofc_0	http1.1	2	1090.34	56.87MB	88.57ms	162.97ms	0	101.5	62.7
veil_glibc	h2_0_ktls_1_lb_cbpf_ofc_0	http1.1	3	1071.96	55.91MB	90.33ms	162.10ms	0	101.7	69.4
veil_glibc	h2_0_ktls_1_lb_cbpf_ofc_1	http1.1	1	1291.37	67.35MB	75.07ms	95.25ms	0	102.3	55.7
veil_glibc	h2_0_ktls_1_lb_cbpf_ofc_1	http1.1	2	1291.43	67.36MB	75.08ms	91.09ms	0	101.7	68.0
veil_glibc	h2_0_ktls_1_lb_cbpf_ofc_1	http1.1	3	1299.62	67.78MB	74.52ms	91.71ms	0	102.0	74.6
veil_glibc	h2_0_ktls_1_lb_kernel_ofc_0	http1.1	1	2127.29	110.98MB	46.49ms	132.16ms	0	245.4	86.0
veil_glibc	h2_0_ktls_1_lb_kernel_ofc_0	http1.1	2	2116.64	110.45MB	46.36ms	123.85ms	0	247.9	89.9
veil_glibc	h2_0_ktls_1_lb_kernel_ofc_0	http1.1	3	2136.97	111.50MB	46.00ms	129.97ms	0	240.2	100.6
veil_glibc	h2_0_ktls_1_lb_kernel_ofc_1	http1.1	1	2470.00	128.89MB	39.66ms	108.04ms	0	235.4	86.2
veil_glibc	h2_0_ktls_1_lb_kernel_ofc_1	http1.1	2	2478.03	129.25MB	39.45ms	105.38ms	0	228.9	95.7
veil_glibc	h2_0_ktls_1_lb_kernel_ofc_1	http1.1	3	2480.57	129.43MB	39.35ms	108.36ms	0	232.1	108.0
veil_glibc	h2_1_feat_access_log	http1.1	1	2590.12	135.13MB	37.37ms	87.56ms	0	240.3	98.8
veil_glibc	h2_1_feat_access_log	http1.1	2	2589.43	135.06MB	37.45ms	87.39ms	0	240.0	108.4
veil_glibc	h2_1_feat_access_log	http1.1	3	2599.41	135.63MB	37.51ms	95.48ms	0	231.4	112.2
veil_glibc	h2_1_feat_access_log	http2	1	2434.40	126.84MB/s	207.92ms	NA	0	158.0	172.7
veil_glibc	h2_1_feat_access_log	http2	2	2423.90	126.29MB/s	209.85ms	NA	0	165.4	198.0
veil_glibc	h2_1_feat_access_log	http2	3	2417.08	125.93MB/s	209.22ms	NA	0	160.6	213.7
veil_glibc	h2_1_feat_admin	http1.1	1	2699.48	140.80MB	36.39ms	104.87ms	0	241.4	94.0
veil_glibc	h2_1_feat_admin	http1.1	2	2704.04	141.05MB	36.28ms	103.52ms	0	235.9	94.2
veil_glibc	h2_1_feat_admin	http1.1	3	2657.86	138.65MB	37.01ms	108.38ms	0	236.3	98.4
veil_glibc	h2_1_feat_admin	http2	1	2474.32	128.92MB/s	207.79ms	NA	0	161.4	156.0
veil_glibc	h2_1_feat_admin	http2	2	2480.62	129.24MB/s	200.33ms	NA	0	164.3	172.8
veil_glibc	h2_1_feat_admin	http2	3	2436.19	126.93MB/s	208.04ms	NA	0	158.5	169.7
veil_glibc	h2_1_feat_buffering	http1.1	1	2290.25	119.78MB	42.94ms	122.97ms	0	197.1	107.2
veil_glibc	h2_1_feat_buffering	http1.1	2	2277.50	119.11MB	42.78ms	112.59ms	0	197.3	126.1
veil_glibc	h2_1_feat_buffering	http1.1	3	2261.05	118.27MB	43.68ms	124.96ms	0	190.7	135.5
veil_glibc	h2_1_feat_buffering	http2	1	1918.45	99.97MB/s	303.99ms	NA	0	134.4	217.9
veil_glibc	h2_1_feat_buffering	http2	2	1948.75	101.55MB/s	286.57ms	NA	0	133.0	293.7
veil_glibc	h2_1_feat_buffering	http2	3	1963.14	102.30MB/s	288.84ms	NA	0	125.9	312.3
veil_glibc	h2_1_feat_cache	http1.1	1	2656.08	138.54MB	36.73ms	93.50ms	0	229.7	88.5
veil_glibc	h2_1_feat_cache	http1.1	2	2680.39	139.84MB	36.46ms	101.94ms	0	237.9	92.4
veil_glibc	h2_1_feat_cache	http1.1	3	2697.94	140.75MB	36.49ms	106.07ms	0	239.6	99.4
veil_glibc	h2_1_feat_cache	http2	1	2439.51	127.10MB/s	209.31ms	NA	0	154.3	163.3
veil_glibc	h2_1_feat_cache	http2	2	2416.83	125.92MB/s	209.73ms	NA	0	165.4	182.3
veil_glibc	h2_1_feat_cache	http2	3	2461.50	128.25MB/s	205.97ms	NA	0	157.6	192.4
veil_glibc	h2_1_feat_compression	http1.1	1	2678.77	139.77MB	36.42ms	100.87ms	0	236.8	91.5
veil_glibc	h2_1_feat_compression	http1.1	2	2697.62	140.72MB	36.23ms	97.31ms	0	239.5	94.4
veil_glibc	h2_1_feat_compression	http1.1	3	2695.99	140.66MB	35.98ms	93.54ms	0	238.3	98.6
veil_glibc	h2_1_feat_compression	http2	1	1201.30	19.78MB/s	757.04ms	NA	0	249.8	173.0
veil_glibc	h2_1_feat_compression	http2	2	1090.17	17.95MB/s	748.60ms	NA	0	249.1	201.1
veil_glibc	h2_1_feat_compression	http2	3	1164.11	19.17MB/s	741.75ms	NA	0	232.8	202.7
veil_glibc	h2_1_feat_grpc	grpc	1	1610.07	NA	29.351	NA	0	128.8	82.7
veil_glibc	h2_1_feat_grpc	grpc	2	1609.37	NA	29.424	NA	0	138.4	87.6
veil_glibc	h2_1_feat_grpc	grpc	3	1599.56	NA	29.458	NA	0	134.4	89.2
veil_glibc	h2_1_feat_http3	http1.1	1	2677.18	139.71MB	36.53ms	99.20ms	0	238.7	102.2
veil_glibc	h2_1_feat_http3	http1.1	2	2705.17	141.21MB	36.28ms	101.99ms	0	237.8	106.8
veil_glibc	h2_1_feat_http3	http1.1	3	2676.94	139.74MB	36.34ms	93.53ms	0	238.0	116.9
veil_glibc	h2_1_feat_http3	http2	1	2438.68	127.06MB/s	214.60ms	NA	0	158.2	185.5
veil_glibc	h2_1_feat_http3	http2	2	2421.61	126.17MB/s	208.97ms	NA	0	157.9	202.8
veil_glibc	h2_1_feat_http3	http2	3	2455.04	127.91MB/s	203.56ms	NA	0	163.3	202.0
veil_glibc	h2_1_feat_http3	http3	1	835.44	43.51MB/s	1.14s	NA	0	176.5	272.8
veil_glibc	h2_1_feat_http3	http3	2	846.89	44.11MB/s	1.12s	NA	0	161.5	285.2
veil_glibc	h2_1_feat_http3	http3	3	822.57	42.84MB/s	1.16s	NA	0	162.1	276.5
veil_glibc	h2_1_feat_metrics	http1.1	1	2670.39	139.33MB	36.82ms	110.59ms	0	234.3	89.7
veil_glibc	h2_1_feat_metrics	http1.1	2	2699.39	140.80MB	36.24ms	99.33ms	0	234.4	92.2
veil_glibc	h2_1_feat_metrics	http1.1	3	2694.38	140.57MB	36.16ms	97.95ms	0	238.1	97.8
veil_glibc	h2_1_feat_metrics	http2	1	2468.42	128.61MB/s	203.89ms	NA	0	162.5	172.3
veil_glibc	h2_1_feat_metrics	http2	2	2509.10	130.73MB/s	202.06ms	NA	0	154.5	205.7
veil_glibc	h2_1_feat_metrics	http2	3	2437.46	126.99MB/s	210.45ms	NA	0	162.2	203.6
veil_glibc	h2_1_feat_otel	http1.1	1	2690.41	140.35MB	36.38ms	102.69ms	0	239.4	93.9
veil_glibc	h2_1_feat_otel	http1.1	2	2682.01	139.90MB	36.83ms	112.23ms	0	236.1	99.8
veil_glibc	h2_1_feat_otel	http1.1	3	2696.47	140.70MB	36.32ms	105.25ms	0	237.8	102.6
veil_glibc	h2_1_feat_otel	http2	1	2477.58	129.09MB/s	201.01ms	NA	0	150.3	170.8
veil_glibc	h2_1_feat_otel	http2	2	2566.74	133.73MB/s	199.05ms	NA	0	171.2	205.2
veil_glibc	h2_1_feat_otel	http2	3	2472.78	128.84MB/s	206.59ms	NA	0	163.5	215.0
veil_glibc	h2_1_feat_proxy	http1.1	1	1993.82	104.30MB	48.62ms	132.77ms	0	172.0	99.9
veil_glibc	h2_1_feat_proxy	http1.1	2	2126.28	111.17MB	45.63ms	124.76ms	0	192.9	124.9
veil_glibc	h2_1_feat_proxy	http1.1	3	2111.05	110.37MB	46.10ms	129.07ms	0	187.7	127.7
veil_glibc	h2_1_feat_proxy	http2	1	2001.18	104.28MB/s	273.71ms	NA	0	127.0	227.8
veil_glibc	h2_1_feat_proxy	http2	2	1930.92	100.62MB/s	287.04ms	NA	0	130.2	289.9
veil_glibc	h2_1_feat_proxy	http2	3	1933.33	100.74MB/s	294.84ms	NA	0	128.4	308.0
veil_glibc	h2_1_feat_rate_limit	http1.1	1	2660.23	138.77MB	37.33ms	119.04ms	0	239.8	90.7
veil_glibc	h2_1_feat_rate_limit	http1.1	2	2703.21	141.03MB	36.25ms	102.82ms	0	237.0	93.5
veil_glibc	h2_1_feat_rate_limit	http1.1	3	2695.39	140.67MB	36.95ms	117.83ms	0	238.8	96.4
veil_glibc	h2_1_feat_rate_limit	http2	1	2553.99	133.07MB/s	199.20ms	NA	0	169.6	175.4
veil_glibc	h2_1_feat_rate_limit	http2	2	2498.31	130.17MB/s	200.57ms	NA	0	164.1	193.5
veil_glibc	h2_1_feat_rate_limit	http2	3	2450.84	127.69MB/s	207.58ms	NA	0	158.3	205.1
veil_glibc	h2_1_feat_wasm	http1.1	1	2712.46	141.49MB	36.21ms	104.08ms	0	242.6	155.0
veil_glibc	h2_1_feat_wasm	http1.1	2	2657.74	138.63MB	37.42ms	121.17ms	0	224.3	156.0
veil_glibc	h2_1_feat_wasm	http1.1	3	2708.36	141.28MB	36.42ms	111.44ms	0	238.7	167.2
veil_glibc	h2_1_feat_wasm	http2	1	2554.10	133.07MB/s	199.28ms	NA	0	167.6	225.7
veil_glibc	h2_1_feat_wasm	http2	2	2552.15	132.97MB/s	200.34ms	NA	0	167.7	250.3
veil_glibc	h2_1_feat_wasm	http2	3	2486.33	129.54MB/s	203.85ms	NA	0	163.3	257.7
veil_glibc	h2_1_feat_websocket	websocket	1	1293.54	NA	142.693	NA	0	115.5	68.6
veil_glibc	h2_1_feat_websocket	websocket	2	1218.33	NA	134.073	NA	0	112.4	69.7
veil_glibc	h2_1_feat_websocket	websocket	3	1060.76	NA	131.559	NA	0	113.7	70.0
veil_glibc	h2_1_ktls_0_lb_cbpf_ofc_0	http1.1	1	1499.28	78.20MB	65.05ms	144.62ms	0	101.5	63.4
veil_glibc	h2_1_ktls_0_lb_cbpf_ofc_0	http1.1	2	1471.09	76.73MB	66.12ms	149.36ms	0	101.2	67.5
veil_glibc	h2_1_ktls_0_lb_cbpf_ofc_0	http1.1	3	1480.16	77.20MB	65.14ms	143.30ms	0	102.0	71.2
veil_glibc	h2_1_ktls_0_lb_cbpf_ofc_0	http2	1	1361.55	70.94MB/s	678.04ms	NA	0	75.7	135.8
veil_glibc	h2_1_ktls_0_lb_cbpf_ofc_0	http2	2	1600.90	83.41MB/s	575.68ms	NA	0	74.5	158.3
veil_glibc	h2_1_ktls_0_lb_cbpf_ofc_0	http2	3	1908.59	99.44MB/s	478.75ms	NA	0	70.8	170.2
veil_glibc	h2_1_ktls_0_lb_cbpf_ofc_1	http1.1	1	1935.72	100.96MB	50.14ms	63.46ms	0	102.6	62.5
veil_glibc	h2_1_ktls_0_lb_cbpf_ofc_1	http1.1	2	1934.12	100.87MB	50.04ms	61.62ms	0	102.8	76.3
veil_glibc	h2_1_ktls_0_lb_cbpf_ofc_1	http1.1	3	1949.24	101.67MB	49.77ms	61.71ms	0	101.6	82.8
veil_glibc	h2_1_ktls_0_lb_cbpf_ofc_1	http2	1	1992.05	103.79MB/s	466.21ms	NA	0	74.1	157.9
veil_glibc	h2_1_ktls_0_lb_cbpf_ofc_1	http2	2	2136.32	111.31MB/s	436.14ms	NA	0	75.4	189.7
veil_glibc	h2_1_ktls_0_lb_cbpf_ofc_1	http2	3	2287.26	119.17MB/s	397.25ms	NA	0	72.8	178.0
veil_glibc	h2_1_ktls_0_lb_kernel_ofc_0	http1.1	1	2695.56	140.68MB	36.15ms	100.26ms	0	237.5	96.0
veil_glibc	h2_1_ktls_0_lb_kernel_ofc_0	http1.1	2	2687.44	140.25MB	36.28ms	103.19ms	0	232.4	96.2
veil_glibc	h2_1_ktls_0_lb_kernel_ofc_0	http1.1	3	2684.51	140.06MB	35.93ms	93.62ms	0	236.6	98.4
veil_glibc	h2_1_ktls_0_lb_kernel_ofc_0	http2	1	2490.55	129.76MB/s	205.63ms	NA	0	162.0	169.4
veil_glibc	h2_1_ktls_0_lb_kernel_ofc_0	http2	2	2437.56	127.00MB/s	208.30ms	NA	0	157.6	195.3
veil_glibc	h2_1_ktls_0_lb_kernel_ofc_0	http2	3	2484.81	129.46MB/s	205.14ms	NA	0	159.5	195.3
veil_glibc	h2_1_ktls_0_lb_kernel_ofc_1	http1.1	1	3172.30	165.56MB	30.45ms	89.65ms	0	218.8	91.6
veil_glibc	h2_1_ktls_0_lb_kernel_ofc_1	http1.1	2	3217.29	167.84MB	29.65ms	78.16ms	0	220.8	93.4
veil_glibc	h2_1_ktls_0_lb_kernel_ofc_1	http1.1	3	3212.94	167.60MB	30.12ms	91.48ms	0	210.8	112.9
veil_glibc	h2_1_ktls_0_lb_kernel_ofc_1	http2	1	2777.26	144.70MB/s	177.20ms	NA	0	129.3	180.0
veil_glibc	h2_1_ktls_0_lb_kernel_ofc_1	http2	2	2726.43	142.05MB/s	181.76ms	NA	0	129.4	207.6
veil_glibc	h2_1_ktls_0_lb_kernel_ofc_1	http2	3	2762.84	143.95MB/s	175.62ms	NA	0	135.0	213.9
veil_glibc	h2_1_ktls_1_lb_cbpf_ofc_0	http1.1	1	1067.09	55.66MB	90.72ms	165.82ms	0	102.1	56.5
veil_glibc	h2_1_ktls_1_lb_cbpf_ofc_0	http1.1	2	1048.64	54.69MB	91.88ms	164.43ms	0	102.3	63.4
veil_glibc	h2_1_ktls_1_lb_cbpf_ofc_0	http1.1	3	1075.29	56.09MB	89.90ms	163.24ms	0	102.2	69.1
veil_glibc	h2_1_ktls_1_lb_cbpf_ofc_0	http2	1	741.11	38.61MB/s	1.09s	NA	0	77.5	140.5
veil_glibc	h2_1_ktls_1_lb_cbpf_ofc_0	http2	2	1369.82	71.37MB/s	608.02ms	NA	0	70.8	158.8
veil_glibc	h2_1_ktls_1_lb_cbpf_ofc_0	http2	3	1428.50	74.43MB/s	581.16ms	NA	0	71.7	157.1
veil_glibc	h2_1_ktls_1_lb_cbpf_ofc_1	http1.1	1	1289.15	67.24MB	73.99ms	96.01ms	0	101.3	55.8
veil_glibc	h2_1_ktls_1_lb_cbpf_ofc_1	http1.1	2	1283.46	66.94MB	75.15ms	107.56ms	0	102.2	67.8
veil_glibc	h2_1_ktls_1_lb_cbpf_ofc_1	http1.1	3	1275.66	66.53MB	75.51ms	95.05ms	0	101.9	75.9
veil_glibc	h2_1_ktls_1_lb_cbpf_ofc_1	http2	1	1476.79	76.94MB/s	642.04ms	NA	0	74.6	156.5
veil_glibc	h2_1_ktls_1_lb_cbpf_ofc_1	http2	2	1749.20	91.14MB/s	536.53ms	NA	0	73.9	170.2
veil_glibc	h2_1_ktls_1_lb_cbpf_ofc_1	http2	3	1823.50	95.01MB/s	518.70ms	NA	0	71.1	170.2
veil_glibc	h2_1_ktls_1_lb_kernel_ofc_0	http1.1	1	2139.30	111.61MB	45.80ms	129.09ms	0	243.9	86.9
veil_glibc	h2_1_ktls_1_lb_kernel_ofc_0	http1.1	2	2106.17	109.87MB	46.55ms	124.39ms	0	241.9	86.3
veil_glibc	h2_1_ktls_1_lb_kernel_ofc_0	http1.1	3	2126.80	110.96MB	45.89ms	117.17ms	0	246.0	96.9
veil_glibc	h2_1_ktls_1_lb_kernel_ofc_0	http2	1	1622.89	84.55MB/s	274.44ms	NA	0	176.7	166.5
veil_glibc	h2_1_ktls_1_lb_kernel_ofc_0	http2	2	2285.04	119.05MB/s	232.89ms	NA	0	171.5	181.0
veil_glibc	h2_1_ktls_1_lb_kernel_ofc_0	http2	3	2274.28	118.49MB/s	230.08ms	NA	0	172.5	177.1
veil_glibc	h2_1_ktls_1_lb_kernel_ofc_1	http1.1	1	2470.82	128.92MB	39.70ms	113.38ms	0	230.2	84.0
veil_glibc	h2_1_ktls_1_lb_kernel_ofc_1	http1.1	2	2474.43	129.12MB	39.46ms	109.14ms	0	224.9	87.9
veil_glibc	h2_1_ktls_1_lb_kernel_ofc_1	http1.1	3	2457.92	128.21MB	39.90ms	112.98ms	0	227.1	100.0
veil_glibc	h2_1_ktls_1_lb_kernel_ofc_1	http2	1	2568.78	133.84MB/s	192.42ms	NA	0	148.5	176.0
veil_glibc	h2_1_ktls_1_lb_kernel_ofc_1	http2	2	2516.94	131.14MB/s	197.15ms	NA	0	155.8	197.3
veil_glibc	h2_1_ktls_1_lb_kernel_ofc_1	http2	3	2527.74	131.70MB/s	195.75ms	NA	0	148.4	198.9
veil_glibc	h2_1_proxy_access_log	http1.1	1	2045.16	106.92MB	47.30ms	118.48ms	0	192.4	106.9
veil_glibc	h2_1_proxy_access_log	http1.1	2	2047.03	107.07MB	47.21ms	117.53ms	0	191.3	131.0
veil_glibc	h2_1_proxy_access_log	http1.1	3	2046.05	107.00MB	46.99ms	112.15ms	0	194.7	139.4
veil_glibc	h2_1_proxy_access_log	http2	1	1919.40	100.02MB/s	292.79ms	NA	0	127.3	240.9
veil_glibc	h2_1_proxy_access_log	http2	2	1905.15	99.28MB/s	287.97ms	NA	0	134.4	327.4
veil_glibc	h2_1_proxy_access_log	http2	3	1889.93	98.48MB/s	305.50ms	NA	0	123.9	349.0
veil_glibc	h2_1_proxy_cache	http1.1	1	3478.67	182.13MB	27.33ms	84.63ms	0	203.2	94.2
veil_glibc	h2_1_proxy_cache	http1.1	2	3477.88	182.02MB	27.02ms	72.69ms	0	202.8	99.6
veil_glibc	h2_1_proxy_cache	http1.1	3	3492.32	182.84MB	27.16ms	81.29ms	0	203.7	116.7
veil_glibc	h2_1_proxy_cache	http2	1	1951.41	101.69MB/s	292.51ms	NA	0	127.7	246.2
veil_glibc	h2_1_proxy_cache	http2	2	1956.33	101.94MB/s	274.81ms	NA	0	117.3	311.9
veil_glibc	h2_1_proxy_cache	http2	3	1915.36	99.81MB/s	289.21ms	NA	0	129.7	320.3
veil_glibc	h2_1_proxy_compression	http1.1	1	946.17	15.80MB	102.24ms	205.28ms	0	302.0	107.5
veil_glibc	h2_1_proxy_compression	http1.1	2	950.49	15.87MB	101.38ms	205.99ms	0	300.1	110.2
veil_glibc	h2_1_proxy_compression	http1.1	3	948.07	15.84MB	102.03ms	206.60ms	0	302.6	109.1
veil_glibc	h2_1_proxy_compression	http2	1	976.73	16.09MB/s	887.37ms	NA	0	196.1	199.0
veil_glibc	h2_1_proxy_compression	http2	2	1008.30	16.61MB/s	887.60ms	NA	0	202.5	272.0
veil_glibc	h2_1_proxy_compression	http2	3	1012.93	16.68MB/s	874.87ms	NA	0	203.2	283.7
veil_glibc	h2_1_proxy_metrics	http1.1	1	2113.23	110.51MB	46.24ms	126.92ms	0	189.9	108.5
veil_glibc	h2_1_proxy_metrics	http1.1	2	2110.84	110.40MB	46.24ms	131.85ms	0	190.8	114.5
veil_glibc	h2_1_proxy_metrics	http1.1	3	2106.85	110.28MB	46.35ms	131.65ms	0	180.8	123.3
veil_glibc	h2_1_proxy_metrics	http2	1	1942.22	101.21MB/s	289.36ms	NA	0	131.7	256.0
veil_glibc	h2_1_proxy_metrics	http2	2	1946.61	101.44MB/s	293.89ms	NA	0	132.6	318.0
veil_glibc	h2_1_proxy_metrics	http2	3	1924.24	100.27MB/s	293.94ms	NA	0	122.0	327.7
veil_glibc	h2_1_proxy_otel	http1.1	1	2122.97	110.99MB	46.26ms	132.29ms	0	190.8	108.7
veil_glibc	h2_1_proxy_otel	http1.1	2	2124.96	111.13MB	45.93ms	123.46ms	0	188.2	129.3
veil_glibc	h2_1_proxy_otel	http1.1	3	2093.27	109.47MB	46.57ms	129.68ms	0	178.0	131.9
veil_glibc	h2_1_proxy_otel	http2	1	1990.90	103.75MB/s	279.76ms	NA	0	134.5	246.0
veil_glibc	h2_1_proxy_otel	http2	2	1956.87	101.97MB/s	283.25ms	NA	0	123.2	311.0
veil_glibc	h2_1_proxy_otel	http2	3	1948.99	101.56MB/s	294.61ms	NA	0	129.0	334.9
veil_glibc	h2_1_proxy_rate_limit	http1.1	1	2122.70	111.01MB	46.27ms	134.71ms	0	190.6	100.6
veil_glibc	h2_1_proxy_rate_limit	http1.1	2	2094.68	109.56MB	46.93ms	133.11ms	0	186.8	125.1
veil_glibc	h2_1_proxy_rate_limit	http1.1	3	2127.67	111.31MB	45.81ms	129.20ms	0	187.0	125.3
veil_glibc	h2_1_proxy_rate_limit	http2	1	2086.01	108.70MB/s	249.88ms	NA	0	125.8	222.1
veil_glibc	h2_1_proxy_rate_limit	http2	2	1987.01	103.54MB/s	272.90ms	NA	0	120.9	290.2
veil_glibc	h2_1_proxy_rate_limit	http2	3	1955.11	101.88MB/s	274.21ms	NA	0	120.0	307.5
veil_glibc	h2_1_proxy_wasm	http1.1	1	2136.12	111.68MB	45.46ms	115.92ms	0	194.4	190.0
veil_glibc	h2_1_proxy_wasm	http1.1	2	2125.71	111.16MB	46.24ms	137.37ms	0	186.7	211.5
veil_glibc	h2_1_proxy_wasm	http1.1	3	2110.95	110.36MB	46.10ms	128.42ms	0	187.6	216.4
veil_glibc	h2_1_proxy_wasm	http2	1	2021.75	105.35MB/s	270.17ms	NA	0	127.9	309.3
veil_glibc	h2_1_proxy_wasm	http2	2	1968.57	102.58MB/s	273.23ms	NA	0	120.5	364.9
veil_glibc	h2_1_proxy_wasm	http2	3	1948.33	101.53MB/s	279.51ms	NA	0	126.1	380.8
veil_glibc	h3_file_access_log	http1.1	1	2596.38	135.50MB	37.31ms	87.17ms	0	239.4	109.7
veil_glibc	h3_file_access_log	http1.1	2	2575.17	134.45MB	37.66ms	91.26ms	0	242.7	117.4
veil_glibc	h3_file_access_log	http1.1	3	2585.55	134.97MB	37.52ms	91.43ms	0	233.7	120.5
veil_glibc	h3_file_access_log	http2	1	2419.77	126.08MB/s	209.06ms	NA	0	160.8	206.0
veil_glibc	h3_file_access_log	http2	2	2368.06	123.38MB/s	216.50ms	NA	0	161.1	232.4
veil_glibc	h3_file_access_log	http2	3	2442.75	127.27MB/s	208.05ms	NA	0	164.0	244.6
veil_glibc	h3_file_access_log	http3	1	833.85	43.43MB/s	1.15s	NA	0	171.5	339.8
veil_glibc	h3_file_access_log	http3	2	847.79	44.16MB/s	1.13s	NA	0	173.8	387.9
veil_glibc	h3_file_access_log	http3	3	820.08	42.71MB/s	1.17s	NA	0	166.6	377.2
veil_glibc	h3_file_admin	http1.1	1	2694.97	140.77MB	36.54ms	108.79ms	0	235.9	102.1
veil_glibc	h3_file_admin	http1.1	2	2687.65	140.32MB	36.44ms	104.24ms	0	229.6	112.9
veil_glibc	h3_file_admin	http1.1	3	2696.09	140.74MB	36.33ms	102.61ms	0	241.2	119.8
veil_glibc	h3_file_admin	http2	1	2559.63	133.36MB/s	199.43ms	NA	0	170.1	202.2
veil_glibc	h3_file_admin	http2	2	2464.63	128.41MB/s	204.78ms	NA	0	167.3	221.3
veil_glibc	h3_file_admin	http2	3	2410.37	125.59MB/s	209.74ms	NA	0	158.8	225.2
veil_glibc	h3_file_admin	http3	1	843.23	43.92MB/s	1.14s	NA	0	168.5	303.8
veil_glibc	h3_file_admin	http3	2	840.36	43.77MB/s	1.14s	NA	0	169.8	342.9
veil_glibc	h3_file_admin	http3	3	845.71	44.05MB/s	1.12s	NA	0	176.2	334.1
veil_glibc	h3_file_cache	http1.1	1	2694.75	140.66MB	36.07ms	93.39ms	0	235.7	106.4
veil_glibc	h3_file_cache	http1.1	2	2672.26	139.52MB	36.58ms	100.56ms	0	229.8	112.7
veil_glibc	h3_file_cache	http1.1	3	2698.78	140.85MB	36.28ms	102.48ms	0	233.0	118.5
veil_glibc	h3_file_cache	http2	1	2593.78	135.14MB/s	197.72ms	NA	0	167.7	194.6
veil_glibc	h3_file_cache	http2	2	2442.31	127.25MB/s	207.90ms	NA	0	133.5	227.3
veil_glibc	h3_file_cache	http2	3	2426.83	126.44MB/s	209.48ms	NA	0	150.9	223.4
veil_glibc	h3_file_cache	http3	1	824.38	42.94MB/s	1.15s	NA	0	169.8	303.6
veil_glibc	h3_file_cache	http3	2	841.10	43.81MB/s	1.13s	NA	0	171.5	338.5
veil_glibc	h3_file_cache	http3	3	834.28	43.45MB/s	1.14s	NA	0	164.9	343.8
veil_glibc	h3_file_compression	http1.1	1	2696.02	140.73MB	36.09ms	100.65ms	0	236.8	100.6
veil_glibc	h3_file_compression	http1.1	2	2697.59	140.83MB	36.25ms	103.77ms	0	230.8	107.8
veil_glibc	h3_file_compression	http1.1	3	2702.03	141.03MB	36.16ms	97.26ms	0	229.0	108.4
veil_glibc	h3_file_compression	http2	1	1100.98	18.13MB/s	734.54ms	NA	0	249.2	200.8
veil_glibc	h3_file_compression	http2	2	1174.83	19.34MB/s	734.39ms	NA	0	247.0	225.7
veil_glibc	h3_file_compression	http2	3	1221.11	20.11MB/s	737.05ms	NA	0	244.2	225.0
veil_glibc	h3_file_compression	http3	1	837.78	43.64MB/s	1.13s	NA	0	168.3	305.1
veil_glibc	h3_file_compression	http3	2	840.26	43.76MB/s	1.14s	NA	0	167.2	337.9
veil_glibc	h3_file_compression	http3	3	850.96	44.32MB/s	1.12s	NA	0	167.8	312.7
veil_glibc	h3_file_metrics	http1.1	1	2707.06	141.29MB	36.09ms	102.88ms	0	236.1	103.6
veil_glibc	h3_file_metrics	http1.1	2	2661.32	138.90MB	36.58ms	95.57ms	0	224.9	109.7
veil_glibc	h3_file_metrics	http1.1	3	2686.80	140.24MB	36.38ms	99.63ms	0	230.5	114.8
veil_glibc	h3_file_metrics	http2	1	2517.42	131.16MB/s	200.28ms	NA	0	163.5	188.5
veil_glibc	h3_file_metrics	http2	2	2413.39	125.74MB/s	209.71ms	NA	0	160.7	210.8
veil_glibc	h3_file_metrics	http2	3	2422.41	126.21MB/s	217.40ms	NA	0	150.4	218.3
veil_glibc	h3_file_metrics	http3	1	841.48	43.83MB/s	1.14s	NA	0	174.2	312.0
veil_glibc	h3_file_metrics	http3	2	860.66	44.83MB/s	1.11s	NA	0	177.3	334.5
veil_glibc	h3_file_metrics	http3	3	839.21	43.71MB/s	1.14s	NA	0	173.5	319.9
veil_glibc	h3_file_otel	http1.1	1	2703.42	141.08MB	36.03ms	95.26ms	0	235.2	108.6
veil_glibc	h3_file_otel	http1.1	2	2690.14	140.42MB	36.46ms	109.10ms	0	230.2	112.3
veil_glibc	h3_file_otel	http1.1	3	2704.60	141.14MB	36.40ms	103.27ms	0	233.8	121.1
veil_glibc	h3_file_otel	http2	1	2473.06	128.85MB/s	205.90ms	NA	0	162.0	200.1
veil_glibc	h3_file_otel	http2	2	2477.81	129.10MB/s	205.27ms	NA	0	160.8	211.9
veil_glibc	h3_file_otel	http2	3	2472.01	128.80MB/s	205.31ms	NA	0	167.2	218.4
veil_glibc	h3_file_otel	http3	1	840.05	43.75MB/s	1.13s	NA	0	172.1	308.4
veil_glibc	h3_file_otel	http3	2	840.06	43.75MB/s	1.14s	NA	0	169.3	336.6
veil_glibc	h3_file_otel	http3	3	874.35	45.54MB/s	1.09s	NA	0	178.4	327.6
veil_glibc	h3_file_rate_limit	http1.1	1	2683.11	140.05MB	36.43ms	103.34ms	0	238.0	103.5
veil_glibc	h3_file_rate_limit	http1.1	2	2687.07	140.27MB	36.32ms	103.66ms	0	236.3	106.3
veil_glibc	h3_file_rate_limit	http1.1	3	2671.47	139.46MB	36.20ms	89.11ms	0	232.9	107.5
veil_glibc	h3_file_rate_limit	http2	1	2477.47	129.08MB/s	207.11ms	NA	0	156.5	179.8
veil_glibc	h3_file_rate_limit	http2	2	2454.66	127.89MB/s	204.19ms	NA	0	159.7	200.6
veil_glibc	h3_file_rate_limit	http2	3	2426.10	126.41MB/s	212.14ms	NA	0	156.3	201.2
veil_glibc	h3_file_rate_limit	http3	1	829.30	43.19MB/s	1.15s	NA	0	165.5	296.7
veil_glibc	h3_file_rate_limit	http3	2	838.04	43.65MB/s	1.14s	NA	0	172.1	325.5
veil_glibc	h3_file_rate_limit	http3	3	838.19	43.66MB/s	1.14s	NA	0	164.8	325.8
veil_glibc	h3_file_wasm	http1.1	1	2715.12	141.74MB	35.80ms	94.41ms	0	236.7	195.0
veil_glibc	h3_file_wasm	http1.1	2	2695.68	140.73MB	36.25ms	104.50ms	0	231.4	199.4
veil_glibc	h3_file_wasm	http1.1	3	2705.36	141.22MB	36.01ms	95.69ms	0	234.0	205.9
veil_glibc	h3_file_wasm	http2	1	2416.43	125.90MB/s	212.69ms	NA	0	153.7	283.8
veil_glibc	h3_file_wasm	http2	2	2430.90	126.66MB/s	207.03ms	NA	0	161.4	306.6
veil_glibc	h3_file_wasm	http2	3	2537.53	132.21MB/s	198.86ms	NA	0	161.9	310.0
veil_glibc	h3_file_wasm	http3	1	768.15	40.01MB/s	1.25s	NA	0	74.3	386.7
veil_glibc	h3_file_wasm	http3	2	840.26	43.76MB/s	1.13s	NA	0	161.3	419.9
veil_glibc	h3_file_wasm	http3	3	841.72	43.84MB/s	1.13s	NA	0	172.5	409.1
veil_glibc	h3_proxy_access_log	http1.1	1	2046.59	107.09MB	47.25ms	112.63ms	0	196.8	122.4
veil_glibc	h3_proxy_access_log	http1.1	2	2058.47	107.69MB	46.72ms	107.74ms	0	191.0	149.4
veil_glibc	h3_proxy_access_log	http1.1	3	2035.34	106.49MB	47.60ms	124.53ms	0	190.1	156.2
veil_glibc	h3_proxy_access_log	http2	1	1907.83	99.42MB/s	291.36ms	NA	0	132.1	272.3
veil_glibc	h3_proxy_access_log	http2	2	1905.60	99.30MB/s	291.80ms	NA	0	133.9	350.0
veil_glibc	h3_proxy_access_log	http2	3	1907.20	99.38MB/s	325.89ms	NA	0	134.4	381.3
veil_glibc	h3_proxy_access_log	http3	1	664.83	34.67MB/s	1.44s	NA	0	155.1	471.3
veil_glibc	h3_proxy_access_log	http3	2	662.17	34.53MB/s	1.45s	NA	0	86.7	484.7
veil_glibc	h3_proxy_access_log	http3	3	670.54	34.97MB/s	1.42s	NA	0	163.7	508.7
veil_glibc	h3_proxy_buffering	http1.1	1	2132.03	111.50MB	46.34ms	142.46ms	0	174.0	122.6
veil_glibc	h3_proxy_buffering	http1.1	2	2123.99	111.07MB	45.90ms	124.18ms	0	177.7	143.0
veil_glibc	h3_proxy_buffering	http1.1	3	2118.31	110.78MB	45.73ms	118.40ms	0	184.0	153.2
veil_glibc	h3_proxy_buffering	http2	1	1794.79	93.53MB/s	340.59ms	NA	0	111.6	239.0
veil_glibc	h3_proxy_buffering	http2	2	1838.82	95.82MB/s	316.22ms	NA	0	115.1	296.6
veil_glibc	h3_proxy_buffering	http2	3	1812.35	94.44MB/s	341.13ms	NA	0	117.2	304.6
veil_glibc	h3_proxy_buffering	http3	1	615.74	32.11MB/s	1.54s	NA	0	163.5	376.3
veil_glibc	h3_proxy_buffering	http3	2	578.42	30.16MB/s	1.44s	NA	0	153.9	418.4
veil_glibc	h3_proxy_buffering	http3	3	601.63	31.37MB/s	1.45s	NA	0	155.0	432.9
veil_glibc	h3_proxy_cache	http1.1	1	3471.75	181.74MB	27.45ms	81.93ms	0	205.9	110.9
veil_glibc	h3_proxy_cache	http1.1	2	3455.59	180.87MB	27.38ms	84.85ms	0	198.7	118.0
veil_glibc	h3_proxy_cache	http1.1	3	3452.27	180.68MB	27.24ms	70.86ms	0	203.8	125.1
veil_glibc	h3_proxy_cache	http2	1	1945.94	101.41MB/s	279.96ms	NA	0	126.7	254.4
veil_glibc	h3_proxy_cache	http2	2	1959.33	102.10MB/s	272.96ms	NA	0	127.3	353.6
veil_glibc	h3_proxy_cache	http2	3	1960.71	102.17MB/s	287.36ms	NA	0	133.6	359.9
veil_glibc	h3_proxy_cache	http3	1	661.53	34.50MB/s	1.45s	NA	0	173.0	461.7
veil_glibc	h3_proxy_cache	http3	2	657.72	34.30MB/s	1.45s	NA	0	169.9	498.8
veil_glibc	h3_proxy_cache	http3	3	666.31	34.75MB/s	1.43s	NA	0	164.9	505.7
veil_glibc	h3_proxy_compression	http1.1	1	944.21	15.80MB	102.63ms	213.24ms	0	302.5	120.2
veil_glibc	h3_proxy_compression	http1.1	2	942.44	15.77MB	102.93ms	209.13ms	0	304.5	120.3
veil_glibc	h3_proxy_compression	http1.1	3	939.93	15.73MB	103.41ms	232.22ms	0	298.7	124.4
veil_glibc	h3_proxy_compression	http2	1	983.62	16.20MB/s	856.36ms	NA	0	201.8	210.3
veil_glibc	h3_proxy_compression	http2	2	917.90	15.12MB/s	864.33ms	NA	0	201.4	282.0
veil_glibc	h3_proxy_compression	http2	3	996.70	16.42MB/s	875.89ms	NA	0	206.0	299.5
veil_glibc	h3_proxy_compression	http3	1	661.56	34.50MB/s	1.45s	NA	0	163.7	396.0
veil_glibc	h3_proxy_compression	http3	2	654.01	34.11MB/s	1.46s	NA	0	168.5	447.0
veil_glibc	h3_proxy_compression	http3	3	590.94	30.82MB/s	1.57s	NA	0	85.4	450.8
veil_glibc	h3_proxy_metrics	http1.1	1	1921.16	100.54MB	50.97ms	152.48ms	0	154.7	118.4
veil_glibc	h3_proxy_metrics	http1.1	2	1949.06	102.01MB	50.26ms	154.97ms	0	148.4	137.0
veil_glibc	h3_proxy_metrics	http1.1	3	1940.65	101.52MB	49.84ms	135.82ms	0	127.2	136.7
veil_glibc	h3_proxy_metrics	http2	1	1943.09	101.26MB/s	291.03ms	NA	0	88.4	227.2
veil_glibc	h3_proxy_metrics	http2	2	1790.97	93.33MB/s	333.38ms	NA	0	100.1	351.4
veil_glibc	h3_proxy_metrics	http2	3	1906.65	99.36MB/s	304.60ms	NA	0	82.4	348.6
veil_glibc	h3_proxy_metrics	http3	1	650.24	33.91MB/s	1.47s	NA	0	100.6	406.9
veil_glibc	h3_proxy_metrics	http3	2	657.70	34.30MB/s	1.46s	NA	0	154.3	461.5
veil_glibc	h3_proxy_metrics	http3	3	663.57	34.61MB/s	1.44s	NA	0	158.1	467.2
veil_glibc	h3_proxy_otel	http1.1	1	2079.96	108.81MB	46.95ms	128.29ms	0	188.9	119.5
veil_glibc	h3_proxy_otel	http1.1	2	2056.91	107.64MB	47.59ms	138.20ms	0	190.2	138.2
veil_glibc	h3_proxy_otel	http1.1	3	2045.73	107.05MB	47.56ms	130.09ms	0	180.5	147.5
veil_glibc	h3_proxy_otel	http2	1	1910.41	99.55MB/s	311.98ms	NA	0	131.0	278.5
veil_glibc	h3_proxy_otel	http2	2	1936.69	100.92MB/s	296.00ms	NA	0	128.7	355.2
veil_glibc	h3_proxy_otel	http2	3	1932.27	100.69MB/s	299.46ms	NA	0	121.3	369.7
veil_glibc	h3_proxy_otel	http3	1	652.24	34.02MB/s	1.47s	NA	0	173.3	464.0
veil_glibc	h3_proxy_otel	http3	2	651.59	33.98MB/s	1.47s	NA	0	164.7	482.8
veil_glibc	h3_proxy_otel	http3	3	658.27	34.33MB/s	1.45s	NA	0	164.8	489.0
veil_glibc	h3_proxy_rate_limit	http1.1	1	2074.78	108.58MB	47.12ms	139.27ms	0	187.3	120.2
veil_glibc	h3_proxy_rate_limit	http1.1	2	2076.24	108.68MB	47.38ms	148.25ms	0	182.8	133.8
veil_glibc	h3_proxy_rate_limit	http1.1	3	2078.18	108.77MB	46.90ms	132.07ms	0	187.0	147.6
veil_glibc	h3_proxy_rate_limit	http2	1	1905.49	99.30MB/s	293.70ms	NA	0	132.8	281.0
veil_glibc	h3_proxy_rate_limit	http2	2	1885.89	98.27MB/s	325.37ms	NA	0	134.9	354.2
veil_glibc	h3_proxy_rate_limit	http2	3	1271.23	66.24MB/s	607.57ms	NA	0	120.1	355.6
veil_glibc	h3_proxy_rate_limit	http3	1	634.66	33.10MB/s	1.51s	NA	0	128.9	447.4
veil_glibc	h3_proxy_rate_limit	http3	2	632.60	32.99MB/s	1.51s	NA	0	161.4	486.3
veil_glibc	h3_proxy_rate_limit	http3	3	627.86	32.74MB/s	1.51s	NA	0	166.2	491.4
veil_glibc	h3_proxy	http1.1	1	1952.33	102.21MB	49.28ms	133.82ms	0	160.7	124.1
veil_glibc	h3_proxy	http1.1	2	2062.90	107.93MB	47.42ms	133.35ms	0	191.3	136.0
veil_glibc	h3_proxy	http1.1	3	2045.05	107.04MB	47.89ms	144.35ms	0	183.2	139.6
veil_glibc	h3_proxy	http2	1	1960.88	102.18MB/s	280.61ms	NA	0	123.5	254.5
veil_glibc	h3_proxy	http2	2	1916.95	99.89MB/s	301.58ms	NA	0	130.6	326.5
veil_glibc	h3_proxy	http2	3	1911.23	99.60MB/s	298.42ms	NA	0	126.4	334.0
veil_glibc	h3_proxy	http3	1	650.97	33.95MB/s	1.47s	NA	0	170.8	437.8
veil_glibc	h3_proxy	http3	2	652.96	34.05MB/s	1.46s	NA	0	171.1	469.8
veil_glibc	h3_proxy	http3	3	653.60	34.09MB/s	1.46s	NA	0	162.2	474.5
veil_glibc	h3_proxy_wasm	http1.1	1	2092.27	109.50MB	46.56ms	129.91ms	0	190.8	193.7
veil_glibc	h3_proxy_wasm	http1.1	2	2073.08	108.47MB	47.12ms	131.33ms	0	180.4	197.7
veil_glibc	h3_proxy_wasm	http1.1	3	2046.27	107.08MB	47.44ms	131.04ms	0	186.6	208.0
veil_glibc	h3_proxy_wasm	http2	1	1911.21	99.59MB/s	295.47ms	NA	0	125.0	343.0
veil_glibc	h3_proxy_wasm	http2	2	1896.56	98.83MB/s	309.28ms	NA	0	129.0	412.5
veil_glibc	h3_proxy_wasm	http2	3	1911.64	99.62MB/s	295.98ms	NA	0	117.4	412.3
veil_glibc	h3_proxy_wasm	http3	1	653.87	34.10MB/s	1.47s	NA	0	175.1	496.2
veil_glibc	h3_proxy_wasm	http3	2	664.60	34.66MB/s	1.44s	NA	0	166.6	522.6
veil_glibc	h3_proxy_wasm	http3	3	665.81	34.72MB/s	1.43s	NA	0	166.9	532.9
veil_musl	grpc_h2_access_log	grpc	1	1513.00	NA	31.061	NA	0	142.7	98.2
veil_musl	grpc_h2_access_log	grpc	2	1502.22	NA	31.441	NA	0	140.1	107.3
veil_musl	grpc_h2_access_log	grpc	3	1512.34	NA	31.312	NA	0	141.8	116.7
veil_musl	grpc_h2_metrics	grpc	1	1559.57	NA	30.316	NA	0	136.1	84.3
veil_musl	grpc_h2_metrics	grpc	2	1561.24	NA	30.200	NA	0	139.0	88.8
veil_musl	grpc_h2_metrics	grpc	3	1547.93	NA	30.399	NA	0	138.2	91.2
veil_musl	grpc_h2_otel	grpc	1	1570.59	NA	30.085	NA	0	138.3	90.5
veil_musl	grpc_h2_otel	grpc	2	1566.14	NA	30.020	NA	0	137.1	93.2
veil_musl	grpc_h2_otel	grpc	3	1564.97	NA	30.261	NA	0	140.7	95.5
veil_musl	grpc_h2_rate_limit	grpc	1	1544.31	NA	30.451	NA	0	135.4	96.7
veil_musl	grpc_h2_rate_limit	grpc	2	1540.19	NA	30.587	NA	0	133.2	99.6
veil_musl	grpc_h2_rate_limit	grpc	3	1563.15	NA	30.206	NA	0	139.9	99.4
veil_musl	grpc_h2_wasm	grpc	1	1542.24	NA	30.582	NA	0	137.7	165.5
veil_musl	grpc_h2_wasm	grpc	2	1540.44	NA	30.451	NA	0	136.0	169.2
veil_musl	grpc_h2_wasm	grpc	3	1547.19	NA	30.566	NA	0	137.0	171.0
veil_musl	grpc_h3_access_log	grpc_h3	1	NA	NA	NA	NA	NA	NA	NA
veil_musl	grpc_h3_metrics	grpc_h3	1	NA	NA	NA	NA	NA	NA	NA
veil_musl	grpc_h3_otel	grpc_h3	1	NA	NA	NA	NA	NA	NA	NA
veil_musl	grpc_h3_rate_limit	grpc_h3	1	NA	NA	NA	NA	NA	NA	NA
veil_musl	grpc_h3	grpc_h3	1	NA	NA	NA	NA	NA	NA	NA
veil_musl	grpc_h3_wasm	grpc_h3	1	NA	NA	NA	NA	NA	NA	NA
veil_musl	h2_0_feat_l4	http1.1	1	5086.65	265.92MB	19.01ms	39.26ms	0	140.9	67.9
veil_musl	h2_0_feat_l4	http1.1	2	5040.76	263.52MB	19.13ms	36.93ms	0	141.5	102.0
veil_musl	h2_0_feat_l4	http1.1	3	5080.81	265.62MB	19.00ms	38.57ms	0	134.6	131.1
veil_musl	h2_0_ktls_0_lb_cbpf_ofc_0	http1.1	1	1450.33	75.65MB	66.51ms	146.76ms	0	102.3	61.2
veil_musl	h2_0_ktls_0_lb_cbpf_ofc_0	http1.1	2	1464.84	76.40MB	66.14ms	148.83ms	0	102.3	64.8
veil_musl	h2_0_ktls_0_lb_cbpf_ofc_0	http1.1	3	1477.90	77.08MB	65.76ms	146.64ms	0	101.8	80.1
veil_musl	h2_0_ktls_0_lb_cbpf_ofc_1	http1.1	1	1876.14	97.85MB	51.16ms	66.30ms	0	102.5	62.4
veil_musl	h2_0_ktls_0_lb_cbpf_ofc_1	http1.1	2	1858.60	96.94MB	51.61ms	71.69ms	0	103.3	71.4
veil_musl	h2_0_ktls_0_lb_cbpf_ofc_1	http1.1	3	1873.89	97.75MB	51.42ms	66.80ms	0	103.7	80.2
veil_musl	h2_0_ktls_0_lb_kernel_ofc_0	http1.1	1	2681.59	139.89MB	36.37ms	98.27ms	0	244.2	90.9
veil_musl	h2_0_ktls_0_lb_kernel_ofc_0	http1.1	2	2671.16	139.34MB	37.24ms	119.66ms	0	239.9	90.4
veil_musl	h2_0_ktls_0_lb_kernel_ofc_0	http1.1	3	2611.15	136.22MB	37.96ms	115.26ms	0	233.3	108.2
veil_musl	h2_0_ktls_0_lb_kernel_ofc_1	http1.1	1	3162.60	165.01MB	31.06ms	97.99ms	0	221.3	87.5
veil_musl	h2_0_ktls_0_lb_kernel_ofc_1	http1.1	2	3164.09	165.14MB	30.72ms	95.79ms	0	217.9	85.8
veil_musl	h2_0_ktls_0_lb_kernel_ofc_1	http1.1	3	3157.39	164.72MB	30.65ms	90.32ms	0	218.8	101.1
veil_musl	h2_0_ktls_1_lb_cbpf_ofc_0	http1.1	1	1023.69	53.39MB	92.41ms	175.85ms	0	100.4	52.0
veil_musl	h2_0_ktls_1_lb_cbpf_ofc_0	http1.1	2	1044.21	54.46MB	91.77ms	179.97ms	0	101.6	64.4
veil_musl	h2_0_ktls_1_lb_cbpf_ofc_0	http1.1	3	1044.32	54.47MB	92.55ms	171.21ms	0	101.5	68.9
veil_musl	h2_0_ktls_1_lb_cbpf_ofc_1	http1.1	1	1274.14	66.46MB	74.38ms	99.35ms	0	101.3	53.1
veil_musl	h2_0_ktls_1_lb_cbpf_ofc_1	http1.1	2	1286.97	67.13MB	74.71ms	99.21ms	0	102.0	63.7
veil_musl	h2_0_ktls_1_lb_cbpf_ofc_1	http1.1	3	1295.09	67.55MB	74.56ms	103.07ms	0	102.1	69.6
veil_musl	h2_0_ktls_1_lb_kernel_ofc_0	http1.1	1	2130.84	111.17MB	46.27ms	132.06ms	0	247.9	85.9
veil_musl	h2_0_ktls_1_lb_kernel_ofc_0	http1.1	2	2132.57	111.32MB	45.66ms	114.18ms	0	246.0	86.4
veil_musl	h2_0_ktls_1_lb_kernel_ofc_0	http1.1	3	2132.09	111.21MB	45.95ms	120.90ms	0	245.8	99.1
veil_musl	h2_0_ktls_1_lb_kernel_ofc_1	http1.1	1	2455.41	128.12MB	39.97ms	109.40ms	0	236.7	85.5
veil_musl	h2_0_ktls_1_lb_kernel_ofc_1	http1.1	2	2472.67	129.01MB	39.28ms	109.00ms	0	228.2	90.8
veil_musl	h2_0_ktls_1_lb_kernel_ofc_1	http1.1	3	2457.76	128.28MB	39.36ms	101.67ms	0	232.3	102.5
veil_musl	h2_1_feat_access_log	http1.1	1	2543.64	132.70MB	38.23ms	96.32ms	0	237.2	94.8
veil_musl	h2_1_feat_access_log	http1.1	2	2551.98	133.15MB	37.91ms	88.00ms	0	239.6	103.7
veil_musl	h2_1_feat_access_log	http1.1	3	2557.80	133.45MB	38.03ms	98.50ms	0	241.8	110.7
veil_musl	h2_1_feat_access_log	http2	1	2415.20	125.84MB/s	213.63ms	NA	0	166.4	194.9
veil_musl	h2_1_feat_access_log	http2	2	2411.55	125.65MB/s	210.83ms	NA	0	160.1	234.8
veil_musl	h2_1_feat_access_log	http2	3	2388.03	124.42MB/s	211.81ms	NA	0	160.9	239.4
veil_musl	h2_1_feat_admin	http1.1	1	2663.96	138.96MB	36.51ms	91.31ms	0	233.9	91.0
veil_musl	h2_1_feat_admin	http1.1	2	2685.79	140.11MB	36.43ms	100.72ms	0	236.4	90.7
veil_musl	h2_1_feat_admin	http1.1	3	2687.10	140.17MB	36.76ms	111.22ms	0	235.5	96.9
veil_musl	h2_1_feat_admin	http2	1	2502.28	130.37MB/s	203.34ms	NA	0	161.1	172.3
veil_musl	h2_1_feat_admin	http2	2	2445.56	127.42MB/s	208.64ms	NA	0	154.2	197.0
veil_musl	h2_1_feat_admin	http2	3	2476.44	129.03MB/s	203.77ms	NA	0	163.6	196.4
veil_musl	h2_1_feat_buffering	http1.1	1	2286.57	119.56MB	42.78ms	121.92ms	0	199.0	104.7
veil_musl	h2_1_feat_buffering	http1.1	2	2259.04	118.15MB	43.47ms	121.70ms	0	198.5	128.8
veil_musl	h2_1_feat_buffering	http1.1	3	2271.60	118.76MB	43.19ms	115.10ms	0	198.7	132.6
veil_musl	h2_1_feat_buffering	http2	1	2061.69	107.43MB/s	249.53ms	NA	0	119.2	232.3
veil_musl	h2_1_feat_buffering	http2	2	1945.70	101.39MB/s	280.08ms	NA	0	132.9	303.6
veil_musl	h2_1_feat_buffering	http2	3	1935.08	100.84MB/s	309.43ms	NA	0	128.8	334.3
veil_musl	h2_1_feat_cache	http1.1	1	2657.04	138.62MB	36.59ms	92.74ms	0	242.1	88.8
veil_musl	h2_1_feat_cache	http1.1	2	2674.90	139.58MB	36.85ms	111.06ms	0	241.8	94.1
veil_musl	h2_1_feat_cache	http1.1	3	2687.47	140.19MB	36.53ms	102.13ms	0	239.7	100.9
veil_musl	h2_1_feat_cache	http2	1	2480.12	129.22MB/s	203.96ms	NA	0	161.4	173.6
veil_musl	h2_1_feat_cache	http2	2	2500.44	130.28MB/s	202.31ms	NA	0	166.3	193.0
veil_musl	h2_1_feat_cache	http2	3	2424.22	126.31MB/s	208.33ms	NA	0	159.5	203.6
veil_musl	h2_1_feat_compression	http1.1	1	2681.84	139.90MB	36.70ms	105.39ms	0	240.1	87.5
veil_musl	h2_1_feat_compression	http1.1	2	2674.31	139.54MB	36.50ms	101.78ms	0	236.3	89.0
veil_musl	h2_1_feat_compression	http1.1	3	2688.25	140.25MB	36.62ms	109.08ms	0	238.3	102.3
veil_musl	h2_1_feat_compression	http2	1	709.31	11.68MB/s	1.26s	NA	0	237.5	181.4
veil_musl	h2_1_feat_compression	http2	2	716.48	11.80MB/s	1.23s	NA	0	240.5	198.4
veil_musl	h2_1_feat_compression	http2	3	721.49	11.88MB/s	1.20s	NA	0	241.0	200.0
veil_musl	h2_1_feat_grpc	grpc	1	1554.69	NA	30.288	NA	0	133.8	92.5
veil_musl	h2_1_feat_grpc	grpc	2	1589.87	NA	29.703	NA	0	138.4	97.8
veil_musl	h2_1_feat_grpc	grpc	3	1575.38	NA	29.998	NA	0	141.0	97.8
veil_musl	h2_1_feat_http3	http1.1	1	2653.60	138.50MB	37.55ms	126.25ms	0	239.7	105.9
veil_musl	h2_1_feat_http3	http1.1	2	2670.45	139.36MB	36.43ms	91.84ms	0	233.7	106.1
veil_musl	h2_1_feat_http3	http1.1	3	2679.16	139.83MB	36.48ms	98.48ms	0	238.1	119.3
veil_musl	h2_1_feat_http3	http2	1	2455.12	127.92MB/s	208.22ms	NA	0	164.3	201.9
veil_musl	h2_1_feat_http3	http2	2	2427.94	126.50MB/s	211.61ms	NA	0	156.0	221.0
veil_musl	h2_1_feat_http3	http2	3	2462.62	128.31MB/s	207.46ms	NA	0	163.2	221.1
veil_musl	h2_1_feat_http3	http3	1	824.86	42.96MB/s	1.15s	NA	0	180.4	297.3
veil_musl	h2_1_feat_http3	http3	2	822.21	42.82MB/s	1.16s	NA	0	175.9	338.1
veil_musl	h2_1_feat_http3	http3	3	828.57	43.16MB/s	1.15s	NA	0	174.8	337.2
veil_musl	h2_1_feat_metrics	http1.1	1	2694.31	140.53MB	36.57ms	107.56ms	0	239.6	88.4
veil_musl	h2_1_feat_metrics	http1.1	2	2684.69	140.03MB	36.50ms	100.07ms	0	221.0	91.2
veil_musl	h2_1_feat_metrics	http1.1	3	2675.56	139.58MB	36.47ms	95.45ms	0	238.3	98.8
veil_musl	h2_1_feat_metrics	http2	1	2491.13	129.79MB/s	203.94ms	NA	0	157.6	170.5
veil_musl	h2_1_feat_metrics	http2	2	2505.87	130.56MB/s	202.39ms	NA	0	167.6	186.7
veil_musl	h2_1_feat_metrics	http2	3	2443.12	127.29MB/s	206.08ms	NA	0	159.4	192.3
veil_musl	h2_1_feat_otel	http1.1	1	2662.08	138.88MB	36.75ms	102.15ms	0	239.3	94.3
veil_musl	h2_1_feat_otel	http1.1	2	2692.93	140.49MB	36.50ms	103.53ms	0	236.9	95.5
veil_musl	h2_1_feat_otel	http1.1	3	2669.77	139.28MB	36.44ms	100.01ms	0	229.6	105.3
veil_musl	h2_1_feat_otel	http2	1	2491.96	129.83MB/s	207.29ms	NA	0	161.1	182.7
veil_musl	h2_1_feat_otel	http2	2	2433.90	126.81MB/s	211.30ms	NA	0	160.3	214.1
veil_musl	h2_1_feat_otel	http2	3	2451.46	127.72MB/s	207.57ms	NA	0	162.6	214.0
veil_musl	h2_1_feat_proxy	http1.1	1	2104.24	110.07MB	46.68ms	135.02ms	0	194.2	100.0
veil_musl	h2_1_feat_proxy	http1.1	2	2107.52	110.20MB	46.29ms	128.45ms	0	195.6	122.7
veil_musl	h2_1_feat_proxy	http1.1	3	2109.53	110.31MB	46.67ms	137.69ms	0	194.5	125.2
veil_musl	h2_1_feat_proxy	http2	1	1949.02	101.56MB/s	289.91ms	NA	0	140.7	274.2
veil_musl	h2_1_feat_proxy	http2	2	1961.08	102.19MB/s	300.48ms	NA	0	133.5	334.5
veil_musl	h2_1_feat_proxy	http2	3	1937.13	100.94MB/s	296.34ms	NA	0	131.5	352.8
veil_musl	h2_1_feat_rate_limit	http1.1	1	2680.52	139.85MB	36.69ms	108.80ms	0	240.5	93.7
veil_musl	h2_1_feat_rate_limit	http1.1	2	2679.32	139.78MB	36.35ms	97.69ms	0	230.4	92.4
veil_musl	h2_1_feat_rate_limit	http1.1	3	2676.95	139.68MB	36.40ms	96.47ms	0	240.3	103.9
veil_musl	h2_1_feat_rate_limit	http2	1	2447.47	127.52MB/s	208.23ms	NA	0	158.3	175.7
veil_musl	h2_1_feat_rate_limit	http2	2	2496.57	130.07MB/s	203.16ms	NA	0	166.2	191.2
veil_musl	h2_1_feat_rate_limit	http2	3	2458.46	128.09MB/s	207.42ms	NA	0	157.5	197.5
veil_musl	h2_1_feat_wasm	http1.1	1	2679.78	139.83MB	36.74ms	110.78ms	0	240.6	158.8
veil_musl	h2_1_feat_wasm	http1.1	2	2652.39	138.34MB	37.00ms	109.29ms	0	235.7	156.5
veil_musl	h2_1_feat_wasm	http1.1	3	2657.84	138.69MB	36.90ms	107.93ms	0	233.9	161.4
veil_musl	h2_1_feat_wasm	http2	1	2582.85	134.57MB/s	196.29ms	NA	0	162.8	240.1
veil_musl	h2_1_feat_wasm	http2	2	2447.39	127.51MB/s	201.14ms	NA	0	163.1	269.1
veil_musl	h2_1_feat_wasm	http2	3	2396.65	124.87MB/s	212.32ms	NA	0	153.3	272.4
veil_musl	h2_1_feat_websocket	websocket	1	1056.45	NA	131.971	NA	0	111.7	67.2
veil_musl	h2_1_feat_websocket	websocket	2	1034.10	NA	143.875	NA	0	114.7	67.4
veil_musl	h2_1_feat_websocket	websocket	3	1057.17	NA	140.912	NA	0	114.5	67.9
veil_musl	h2_1_ktls_0_lb_cbpf_ofc_0	http1.1	1	1430.52	74.62MB	66.66ms	147.36ms	0	102.0	61.4
veil_musl	h2_1_ktls_0_lb_cbpf_ofc_0	http1.1	2	1453.62	75.81MB	66.43ms	147.50ms	0	102.2	74.2
veil_musl	h2_1_ktls_0_lb_cbpf_ofc_0	http1.1	3	1476.52	77.01MB	65.78ms	142.84ms	0	102.0	76.7
veil_musl	h2_1_ktls_0_lb_cbpf_ofc_0	http2	1	1227.25	63.94MB/s	760.45ms	NA	0	77.4	146.0
veil_musl	h2_1_ktls_0_lb_cbpf_ofc_0	http2	2	1520.95	79.24MB/s	610.98ms	NA	0	73.6	164.3
veil_musl	h2_1_ktls_0_lb_cbpf_ofc_0	http2	3	1849.54	96.36MB/s	500.32ms	NA	0	73.8	179.7
veil_musl	h2_1_ktls_0_lb_cbpf_ofc_1	http1.1	1	1878.97	98.00MB	51.12ms	65.88ms	0	103.0	62.7
veil_musl	h2_1_ktls_0_lb_cbpf_ofc_1	http1.1	2	1910.88	99.67MB	50.70ms	61.85ms	0	103.2	76.0
veil_musl	h2_1_ktls_0_lb_cbpf_ofc_1	http1.1	3	1917.30	100.00MB	50.59ms	65.64ms	0	103.6	84.7
veil_musl	h2_1_ktls_0_lb_cbpf_ofc_1	http2	1	1970.94	102.69MB/s	469.57ms	NA	0	75.0	164.2
veil_musl	h2_1_ktls_0_lb_cbpf_ofc_1	http2	2	2119.99	110.45MB/s	438.15ms	NA	0	80.5	199.0
veil_musl	h2_1_ktls_0_lb_cbpf_ofc_1	http2	3	2282.67	118.93MB/s	401.02ms	NA	0	72.1	187.5
veil_musl	h2_1_ktls_0_lb_kernel_ofc_0	http1.1	1	2684.05	140.00MB	36.28ms	89.66ms	0	241.4	89.1
veil_musl	h2_1_ktls_0_lb_kernel_ofc_0	http1.1	2	2681.66	139.92MB	36.46ms	101.74ms	0	241.8	92.2
veil_musl	h2_1_ktls_0_lb_kernel_ofc_0	http1.1	3	2688.21	140.21MB	36.72ms	105.78ms	0	241.0	100.4
veil_musl	h2_1_ktls_0_lb_kernel_ofc_0	http2	1	2487.15	129.58MB/s	206.32ms	NA	0	161.6	167.1
veil_musl	h2_1_ktls_0_lb_kernel_ofc_0	http2	2	2473.54	128.87MB/s	205.79ms	NA	0	162.1	197.7
veil_musl	h2_1_ktls_0_lb_kernel_ofc_0	http2	3	2499.42	130.22MB/s	203.50ms	NA	0	164.8	196.6
veil_musl	h2_1_ktls_0_lb_kernel_ofc_1	http1.1	1	3126.44	163.11MB	30.96ms	91.29ms	0	218.3	91.9
veil_musl	h2_1_ktls_0_lb_kernel_ofc_1	http1.1	2	3125.71	163.10MB	31.29ms	94.62ms	0	219.7	94.9
veil_musl	h2_1_ktls_0_lb_kernel_ofc_1	http1.1	3	3164.17	165.13MB	30.41ms	84.34ms	0	222.0	109.2
veil_musl	h2_1_ktls_0_lb_kernel_ofc_1	http2	1	2793.44	145.54MB/s	176.06ms	NA	0	137.1	201.6
veil_musl	h2_1_ktls_0_lb_kernel_ofc_1	http2	2	2731.35	142.31MB/s	180.40ms	NA	0	141.1	216.9
veil_musl	h2_1_ktls_0_lb_kernel_ofc_1	http2	3	2739.28	142.72MB/s	179.84ms	NA	0	136.8	207.6
veil_musl	h2_1_ktls_1_lb_cbpf_ofc_0	http1.1	1	1047.27	54.62MB	91.55ms	167.75ms	0	101.3	54.2
veil_musl	h2_1_ktls_1_lb_cbpf_ofc_0	http1.1	2	1035.82	54.02MB	92.37ms	177.63ms	0	101.5	67.6
veil_musl	h2_1_ktls_1_lb_cbpf_ofc_0	http1.1	3	1061.98	55.39MB	91.06ms	169.72ms	0	102.6	74.6
veil_musl	h2_1_ktls_1_lb_cbpf_ofc_0	http2	1	769.62	40.10MB/s	1.05s	NA	0	76.3	138.3
veil_musl	h2_1_ktls_1_lb_cbpf_ofc_0	http2	2	1368.16	71.28MB/s	614.75ms	NA	0	72.4	168.5
veil_musl	h2_1_ktls_1_lb_cbpf_ofc_0	http2	3	1402.11	73.05MB/s	597.96ms	NA	0	70.7	169.8
veil_musl	h2_1_ktls_1_lb_cbpf_ofc_1	http1.1	1	1261.23	65.78MB	76.57ms	110.00ms	0	102.3	56.7
veil_musl	h2_1_ktls_1_lb_cbpf_ofc_1	http1.1	2	1271.47	66.32MB	75.89ms	95.41ms	0	102.1	65.3
veil_musl	h2_1_ktls_1_lb_cbpf_ofc_1	http1.1	3	1284.21	66.98MB	75.46ms	96.61ms	0	101.9	71.5
veil_musl	h2_1_ktls_1_lb_cbpf_ofc_1	http2	1	1482.46	77.24MB/s	634.89ms	NA	0	76.5	144.5
veil_musl	h2_1_ktls_1_lb_cbpf_ofc_1	http2	2	1592.07	82.95MB/s	587.91ms	NA	0	71.5	169.5
veil_musl	h2_1_ktls_1_lb_cbpf_ofc_1	http2	3	1685.82	87.83MB/s	562.91ms	NA	0	70.9	173.3
veil_musl	h2_1_ktls_1_lb_kernel_ofc_0	http1.1	1	2142.59	111.80MB	45.72ms	118.99ms	0	245.0	88.8
veil_musl	h2_1_ktls_1_lb_kernel_ofc_0	http1.1	2	2143.74	111.82MB	46.07ms	133.36ms	0	247.0	90.9
veil_musl	h2_1_ktls_1_lb_kernel_ofc_0	http1.1	3	2128.38	111.05MB	46.04ms	123.84ms	0	246.4	101.0
veil_musl	h2_1_ktls_1_lb_kernel_ofc_0	http2	1	2273.70	118.46MB/s	228.67ms	NA	0	180.1	179.2
veil_musl	h2_1_ktls_1_lb_kernel_ofc_0	http2	2	2235.62	116.48MB/s	228.67ms	NA	0	172.2	187.6
veil_musl	h2_1_ktls_1_lb_kernel_ofc_0	http2	3	2249.29	117.19MB/s	232.74ms	NA	0	180.4	187.9
veil_musl	h2_1_ktls_1_lb_kernel_ofc_1	http1.1	1	2459.87	128.35MB	39.92ms	114.04ms	0	232.3	92.9
veil_musl	h2_1_ktls_1_lb_kernel_ofc_1	http1.1	2	2464.52	128.61MB	39.66ms	108.16ms	0	231.2	102.1
veil_musl	h2_1_ktls_1_lb_kernel_ofc_1	http1.1	3	2406.58	125.59MB	41.08ms	126.15ms	0	234.7	112.3
veil_musl	h2_1_ktls_1_lb_kernel_ofc_1	http2	1	2486.70	129.56MB/s	198.94ms	NA	0	163.0	195.4
veil_musl	h2_1_ktls_1_lb_kernel_ofc_1	http2	2	2518.47	131.22MB/s	197.24ms	NA	0	145.3	199.8
veil_musl	h2_1_ktls_1_lb_kernel_ofc_1	http2	3	2573.18	134.07MB/s	190.90ms	NA	0	162.1	203.5
veil_musl	h2_1_proxy_access_log	http1.1	1	2024.59	105.87MB	47.91ms	114.76ms	0	197.0	108.7
veil_musl	h2_1_proxy_access_log	http1.1	2	2026.53	105.98MB	47.67ms	114.25ms	0	190.8	126.3
veil_musl	h2_1_proxy_access_log	http1.1	3	2026.08	106.00MB	48.00ms	125.28ms	0	195.8	139.4
veil_musl	h2_1_proxy_access_log	http2	1	1949.92	101.61MB/s	290.85ms	NA	0	134.5	252.3
veil_musl	h2_1_proxy_access_log	http2	2	1887.12	98.34MB/s	318.60ms	NA	0	133.9	340.7
veil_musl	h2_1_proxy_access_log	http2	3	1897.90	98.90MB/s	333.69ms	NA	0	120.4	358.5
veil_musl	h2_1_proxy_cache	http1.1	1	3444.81	180.33MB	27.40ms	72.32ms	0	207.5	91.7
veil_musl	h2_1_proxy_cache	http1.1	2	3472.41	181.77MB	27.39ms	81.69ms	0	203.1	96.3
veil_musl	h2_1_proxy_cache	http1.1	3	3467.10	181.42MB	27.40ms	80.92ms	0	208.4	111.1
veil_musl	h2_1_proxy_cache	http2	1	2027.44	105.65MB/s	275.76ms	NA	0	123.0	231.8
veil_musl	h2_1_proxy_cache	http2	2	1937.49	100.96MB/s	304.12ms	NA	0	132.8	313.3
veil_musl	h2_1_proxy_cache	http2	3	1916.62	99.87MB/s	294.36ms	NA	0	124.8	329.5
veil_musl	h2_1_proxy_compression	http1.1	1	619.17	10.34MB	155.52ms	270.42ms	0	320.4	100.2
veil_musl	h2_1_proxy_compression	http1.1	2	613.27	10.24MB	156.62ms	277.94ms	0	309.0	102.3
veil_musl	h2_1_proxy_compression	http1.1	3	596.30	9.96MB	160.04ms	310.73ms	0	297.0	107.1
veil_musl	h2_1_proxy_compression	http2	1	654.32	10.78MB/s	1.33s	NA	0	221.1	202.0
veil_musl	h2_1_proxy_compression	http2	2	646.53	10.65MB/s	1.35s	NA	0	206.4	269.7
veil_musl	h2_1_proxy_compression	http2	3	660.42	10.88MB/s	1.41s	NA	0	226.4	269.2
veil_musl	h2_1_proxy_metrics	http1.1	1	2100.50	109.87MB	46.72ms	139.63ms	0	194.6	104.1
veil_musl	h2_1_proxy_metrics	http1.1	2	2108.56	110.27MB	46.00ms	122.75ms	0	195.2	123.1
veil_musl	h2_1_proxy_metrics	http1.1	3	2100.83	109.86MB	46.19ms	118.86ms	0	190.7	133.7
veil_musl	h2_1_proxy_metrics	http2	1	1929.41	100.54MB/s	292.93ms	NA	0	134.1	276.7
veil_musl	h2_1_proxy_metrics	http2	2	1942.09	101.20MB/s	285.19ms	NA	0	130.5	347.3
veil_musl	h2_1_proxy_metrics	http2	3	1939.25	101.05MB/s	332.70ms	NA	0	130.4	360.4
veil_musl	h2_1_proxy_otel	http1.1	1	2103.20	109.98MB	46.35ms	120.99ms	0	195.6	103.3
veil_musl	h2_1_proxy_otel	http1.1	2	2094.84	109.59MB	46.78ms	127.96ms	0	194.0	118.6
veil_musl	h2_1_proxy_otel	http1.1	3	2058.27	107.63MB	47.20ms	115.51ms	0	191.5	127.4
veil_musl	h2_1_proxy_otel	http2	1	1929.09	100.52MB/s	284.49ms	NA	0	127.7	237.6
veil_musl	h2_1_proxy_otel	http2	2	1966.72	102.48MB/s	294.32ms	NA	0	130.8	305.7
veil_musl	h2_1_proxy_otel	http2	3	1949.35	101.58MB/s	293.41ms	NA	0	131.8	324.0
veil_musl	h2_1_proxy_rate_limit	http1.1	1	2110.91	110.36MB	46.63ms	133.70ms	0	194.9	103.2
veil_musl	h2_1_proxy_rate_limit	http1.1	2	2115.93	110.68MB	46.53ms	135.67ms	0	192.9	121.3
veil_musl	h2_1_proxy_rate_limit	http1.1	3	2101.16	109.85MB	46.29ms	121.79ms	0	190.6	126.8
veil_musl	h2_1_proxy_rate_limit	http2	1	2011.48	104.82MB/s	274.69ms	NA	0	120.1	251.5
veil_musl	h2_1_proxy_rate_limit	http2	2	1965.27	102.41MB/s	293.72ms	NA	0	135.1	331.8
veil_musl	h2_1_proxy_rate_limit	http2	3	1937.70	100.97MB/s	302.36ms	NA	0	128.8	355.9
veil_musl	h2_1_proxy_wasm	http1.1	1	2122.64	111.03MB	46.16ms	125.96ms	0	194.1	151.3
veil_musl	h2_1_proxy_wasm	http1.1	2	2112.91	110.52MB	46.24ms	128.47ms	0	193.4	172.5
veil_musl	h2_1_proxy_wasm	http1.1	3	2088.81	109.22MB	47.06ms	140.22ms	0	188.8	180.0
veil_musl	h2_1_proxy_wasm	http2	1	1950.67	101.65MB/s	294.52ms	NA	0	131.7	311.6
veil_musl	h2_1_proxy_wasm	http2	2	1935.40	100.85MB/s	293.47ms	NA	0	135.5	392.3
veil_musl	h2_1_proxy_wasm	http2	3	1945.47	101.38MB/s	295.53ms	NA	0	131.9	396.5
veil_musl	h3_file_access_log	http1.1	1	2573.59	134.33MB	37.70ms	88.61ms	0	241.4	110.8
veil_musl	h3_file_access_log	http1.1	2	2569.70	134.16MB	37.85ms	92.27ms	0	240.9	112.7
veil_musl	h3_file_access_log	http1.1	3	2582.45	134.81MB	37.81ms	102.16ms	0	241.6	122.1
veil_musl	h3_file_access_log	http2	1	2406.11	125.36MB/s	211.67ms	NA	0	161.7	210.0
veil_musl	h3_file_access_log	http2	2	2442.75	127.27MB/s	208.34ms	NA	0	161.9	242.9
veil_musl	h3_file_access_log	http2	3	2393.84	124.72MB/s	213.16ms	NA	0	163.8	260.3
veil_musl	h3_file_access_log	http3	1	807.38	42.05MB/s	1.18s	NA	0	186.0	357.1
veil_musl	h3_file_access_log	http3	2	808.14	42.09MB/s	1.18s	NA	0	176.7	388.7
veil_musl	h3_file_access_log	http3	3	830.57	43.26MB/s	1.15s	NA	0	182.3	382.3
veil_musl	h3_file_admin	http1.1	1	2680.12	139.86MB	36.82ms	108.18ms	0	238.0	110.7
veil_musl	h3_file_admin	http1.1	2	2681.43	139.98MB	36.68ms	101.81ms	0	240.1	114.2
veil_musl	h3_file_admin	http1.1	3	2637.61	137.67MB	37.24ms	109.55ms	0	237.9	120.4
veil_musl	h3_file_admin	http2	1	2505.31	130.53MB/s	204.28ms	NA	0	164.3	195.6
veil_musl	h3_file_admin	http2	2	2462.35	128.29MB/s	206.39ms	NA	0	166.2	217.4
veil_musl	h3_file_admin	http2	3	2478.32	129.13MB/s	206.16ms	NA	0	157.5	220.2
veil_musl	h3_file_admin	http3	1	803.97	41.87MB/s	1.19s	NA	0	180.2	303.7
veil_musl	h3_file_admin	http3	2	811.88	42.29MB/s	1.18s	NA	0	172.6	340.2
veil_musl	h3_file_admin	http3	3	810.06	42.19MB/s	1.18s	NA	0	173.7	347.6
veil_musl	h3_file_cache	http1.1	1	2685.04	140.16MB	36.24ms	92.51ms	0	242.8	106.4
veil_musl	h3_file_cache	http1.1	2	2654.91	138.59MB	37.22ms	113.97ms	0	240.3	113.3
veil_musl	h3_file_cache	http1.1	3	2659.59	138.86MB	36.84ms	103.88ms	0	240.6	119.3
veil_musl	h3_file_cache	http2	1	2461.81	128.27MB/s	204.79ms	NA	0	160.5	188.4
veil_musl	h3_file_cache	http2	2	2390.62	124.56MB/s	212.66ms	NA	0	172.5	220.5
veil_musl	h3_file_cache	http2	3	2497.84	130.14MB/s	202.80ms	NA	0	168.3	222.3
veil_musl	h3_file_cache	http3	1	813.93	42.39MB/s	1.18s	NA	0	185.0	323.2
veil_musl	h3_file_cache	http3	2	823.12	42.87MB/s	1.16s	NA	0	180.8	354.4
veil_musl	h3_file_cache	http3	3	808.65	42.12MB/s	1.17s	NA	0	176.5	337.6
veil_musl	h3_file_compression	http1.1	1	2642.08	137.92MB	37.08ms	102.32ms	0	241.7	107.0
veil_musl	h3_file_compression	http1.1	2	2658.38	138.78MB	37.27ms	119.81ms	0	239.3	105.9
veil_musl	h3_file_compression	http1.1	3	2623.57	136.99MB	37.57ms	109.77ms	0	244.8	110.9
veil_musl	h3_file_compression	http2	1	737.57	12.14MB/s	1.23s	NA	0	242.0	184.8
veil_musl	h3_file_compression	http2	2	694.30	11.43MB/s	1.24s	NA	0	246.2	215.7
veil_musl	h3_file_compression	http2	3	732.29	12.06MB/s	1.23s	NA	0	244.3	209.4
veil_musl	h3_file_compression	http3	1	816.12	42.51MB/s	1.17s	NA	0	183.7	278.5
veil_musl	h3_file_compression	http3	2	812.78	42.33MB/s	1.18s	NA	0	174.7	301.0
veil_musl	h3_file_compression	http3	3	807.87	42.08MB/s	1.18s	NA	0	171.0	303.4
veil_musl	h3_file_metrics	http1.1	1	2654.81	138.57MB	36.94ms	105.08ms	0	239.0	106.0
veil_musl	h3_file_metrics	http1.1	2	2669.22	139.29MB	36.84ms	107.18ms	0	235.8	107.6
veil_musl	h3_file_metrics	http1.1	3	2652.17	138.45MB	36.97ms	102.34ms	0	240.3	117.2
veil_musl	h3_file_metrics	http2	1	2440.57	127.16MB/s	210.02ms	NA	0	162.2	191.8
veil_musl	h3_file_metrics	http2	2	2391.62	124.61MB/s	212.00ms	NA	0	157.2	215.2
veil_musl	h3_file_metrics	http2	3	2437.01	126.97MB/s	207.02ms	NA	0	161.9	214.7
veil_musl	h3_file_metrics	http3	1	813.47	42.37MB/s	1.17s	NA	0	182.9	312.1
veil_musl	h3_file_metrics	http3	2	817.62	42.59MB/s	1.17s	NA	0	178.5	334.4
veil_musl	h3_file_metrics	http3	3	812.67	42.33MB/s	1.18s	NA	0	178.8	326.5
veil_musl	h3_file_otel	http1.1	1	2682.41	140.00MB	36.47ms	96.64ms	0	240.7	107.0
veil_musl	h3_file_otel	http1.1	2	2657.06	138.75MB	37.21ms	113.67ms	0	237.9	107.7
veil_musl	h3_file_otel	http1.1	3	2686.36	140.20MB	36.24ms	98.31ms	0	240.7	117.7
veil_musl	h3_file_otel	http2	1	2444.20	127.35MB/s	208.99ms	NA	0	155.9	197.7
veil_musl	h3_file_otel	http2	2	2446.54	127.47MB/s	208.04ms	NA	0	162.8	220.0
veil_musl	h3_file_otel	http2	3	2414.04	125.78MB/s	211.34ms	NA	0	165.4	219.3
veil_musl	h3_file_otel	http3	1	823.16	42.87MB/s	1.16s	NA	0	179.2	314.3
veil_musl	h3_file_otel	http3	2	813.18	42.35MB/s	1.17s	NA	0	172.0	358.3
veil_musl	h3_file_otel	http3	3	818.41	42.63MB/s	1.16s	NA	0	174.9	351.0
veil_musl	h3_file_rate_limit	http1.1	1	2667.97	139.28MB	36.75ms	106.15ms	0	242.6	102.7
veil_musl	h3_file_rate_limit	http1.1	2	2654.33	138.60MB	36.98ms	106.43ms	0	242.6	108.3
veil_musl	h3_file_rate_limit	http1.1	3	2668.14	139.30MB	36.53ms	99.41ms	0	237.2	114.0
veil_musl	h3_file_rate_limit	http2	1	2475.21	128.96MB/s	204.33ms	NA	0	172.8	192.4
veil_musl	h3_file_rate_limit	http2	2	2456.46	127.99MB/s	207.88ms	NA	0	160.9	208.1
veil_musl	h3_file_rate_limit	http2	3	2444.57	127.37MB/s	206.65ms	NA	0	162.3	210.6
veil_musl	h3_file_rate_limit	http3	1	799.85	41.66MB/s	1.18s	NA	0	173.7	299.1
veil_musl	h3_file_rate_limit	http3	2	804.49	41.90MB/s	1.19s	NA	0	167.6	336.7
veil_musl	h3_file_rate_limit	http3	3	828.91	43.17MB/s	1.16s	NA	0	177.7	329.9
veil_musl	h3_file_wasm	http1.1	1	2663.48	139.00MB	36.84ms	105.14ms	0	240.4	172.0
veil_musl	h3_file_wasm	http1.1	2	2672.60	139.49MB	36.61ms	101.36ms	0	240.9	175.3
veil_musl	h3_file_wasm	http1.1	3	2668.76	139.29MB	36.63ms	98.22ms	0	230.9	184.0
veil_musl	h3_file_wasm	http2	1	2448.40	127.57MB/s	206.23ms	NA	0	162.3	260.7
veil_musl	h3_file_wasm	http2	2	2429.44	126.58MB/s	209.05ms	NA	0	163.6	283.3
veil_musl	h3_file_wasm	http2	3	2395.71	124.82MB/s	212.39ms	NA	0	162.3	288.0
veil_musl	h3_file_wasm	http3	1	816.36	42.52MB/s	1.17s	NA	0	179.3	381.8
veil_musl	h3_file_wasm	http3	2	805.69	41.96MB/s	1.19s	NA	0	176.5	398.1
veil_musl	h3_file_wasm	http3	3	817.82	42.60MB/s	1.17s	NA	0	173.6	375.7
veil_musl	h3_proxy_access_log	http1.1	1	2000.34	104.64MB	48.14ms	113.14ms	0	198.4	123.4
veil_musl	h3_proxy_access_log	http1.1	2	2019.76	105.70MB	47.81ms	119.58ms	0	198.1	143.4
veil_musl	h3_proxy_access_log	http1.1	3	2029.81	106.24MB	47.34ms	115.15ms	0	196.0	154.1
veil_musl	h3_proxy_access_log	http2	1	1932.23	100.69MB/s	282.52ms	NA	0	129.8	276.3
veil_musl	h3_proxy_access_log	http2	2	1901.00	99.06MB/s	300.19ms	NA	0	130.1	343.2
veil_musl	h3_proxy_access_log	http2	3	1920.87	100.10MB/s	297.64ms	NA	0	129.2	373.2
veil_musl	h3_proxy_access_log	http3	1	649.11	33.85MB/s	1.47s	NA	0	173.3	480.7
veil_musl	h3_proxy_access_log	http3	2	648.17	33.80MB/s	1.48s	NA	0	170.8	511.9
veil_musl	h3_proxy_access_log	http3	3	646.83	33.73MB/s	1.48s	NA	0	167.0	500.8
veil_musl	h3_proxy_buffering	http1.1	1	2048.42	107.15MB	48.25ms	145.06ms	0	168.6	125.9
veil_musl	h3_proxy_buffering	http1.1	2	2092.30	109.42MB	46.34ms	121.94ms	0	173.2	144.5
veil_musl	h3_proxy_buffering	http1.1	3	2091.13	109.37MB	46.68ms	135.56ms	0	178.0	152.8
veil_musl	h3_proxy_buffering	http2	1	1787.91	93.17MB/s	388.69ms	NA	0	130.8	263.7
veil_musl	h3_proxy_buffering	http2	2	1823.76	95.04MB/s	372.88ms	NA	0	126.2	351.9
veil_musl	h3_proxy_buffering	http2	3	1808.51	94.24MB/s	360.67ms	NA	0	113.3	363.3
veil_musl	h3_proxy_buffering	http3	1	572.44	29.85MB/s	1.48s	NA	0	160.8	437.5
veil_musl	h3_proxy_buffering	http3	2	593.53	30.95MB/s	1.44s	NA	0	158.3	489.8
veil_musl	h3_proxy_buffering	http3	3	601.94	31.39MB/s	1.53s	NA	0	157.8	492.4
veil_musl	h3_proxy_cache	http1.1	1	3439.80	180.08MB	27.70ms	81.37ms	0	206.8	108.8
veil_musl	h3_proxy_cache	http1.1	2	3455.86	180.92MB	27.10ms	69.01ms	0	207.7	116.5
veil_musl	h3_proxy_cache	http1.1	3	3465.63	181.43MB	27.52ms	80.28ms	0	208.2	130.3
veil_musl	h3_proxy_cache	http2	1	1984.03	103.39MB/s	280.07ms	NA	0	118.1	257.5
veil_musl	h3_proxy_cache	http2	2	1944.31	101.32MB/s	289.33ms	NA	0	128.8	354.8
veil_musl	h3_proxy_cache	http2	3	1916.48	99.87MB/s	288.79ms	NA	0	122.3	364.3
veil_musl	h3_proxy_cache	http3	1	647.59	33.77MB/s	1.47s	NA	0	172.8	467.1
veil_musl	h3_proxy_cache	http3	2	648.52	33.82MB/s	1.47s	NA	0	167.8	491.5
veil_musl	h3_proxy_cache	http3	3	650.04	33.90MB/s	1.47s	NA	0	170.9	495.9
veil_musl	h3_proxy_compression	http1.1	1	619.61	10.37MB	155.19ms	294.91ms	0	329.1	117.1
veil_musl	h3_proxy_compression	http1.1	2	601.56	10.07MB	159.72ms	269.54ms	0	315.0	121.4
veil_musl	h3_proxy_compression	http1.1	3	617.55	10.33MB	155.68ms	262.75ms	0	323.5	114.8
veil_musl	h3_proxy_compression	http2	1	656.40	10.81MB/s	1.32s	NA	0	215.9	211.8
veil_musl	h3_proxy_compression	http2	2	649.86	10.70MB/s	1.35s	NA	0	213.7	269.5
veil_musl	h3_proxy_compression	http2	3	661.75	10.90MB/s	1.38s	NA	0	217.9	284.7
veil_musl	h3_proxy_compression	http3	1	652.32	34.02MB/s	1.47s	NA	0	157.5	384.9
veil_musl	h3_proxy_compression	http3	2	644.52	33.61MB/s	1.47s	NA	0	160.2	407.7
veil_musl	h3_proxy_compression	http3	3	655.38	34.18MB/s	1.46s	NA	0	171.6	409.4
veil_musl	h3_proxy_metrics	http1.1	1	2057.79	107.70MB	47.48ms	133.12ms	0	186.2	117.4
veil_musl	h3_proxy_metrics	http1.1	2	2081.97	108.95MB	47.47ms	144.67ms	0	193.6	130.2
veil_musl	h3_proxy_metrics	http1.1	3	2103.32	110.03MB	46.44ms	133.22ms	0	193.8	137.4
veil_musl	h3_proxy_metrics	http2	1	1960.93	102.19MB/s	283.22ms	NA	0	123.4	254.3
veil_musl	h3_proxy_metrics	http2	2	1971.04	102.71MB/s	287.90ms	NA	0	124.5	327.2
veil_musl	h3_proxy_metrics	http2	3	1961.02	102.19MB/s	327.90ms	NA	0	127.5	350.5
veil_musl	h3_proxy_metrics	http3	1	649.74	33.89MB/s	1.47s	NA	0	177.3	456.2
veil_musl	h3_proxy_metrics	http3	2	654.34	34.13MB/s	1.46s	NA	0	172.3	485.0
veil_musl	h3_proxy_metrics	http3	3	654.15	34.12MB/s	1.46s	NA	0	164.9	487.4
veil_musl	h3_proxy_otel	http1.1	1	2091.94	109.46MB	46.59ms	123.78ms	0	194.5	119.6
veil_musl	h3_proxy_otel	http1.1	2	2104.02	110.12MB	47.22ms	149.58ms	0	195.8	138.7
veil_musl	h3_proxy_otel	http1.1	3	2089.05	109.29MB	46.79ms	129.45ms	0	191.6	149.7
veil_musl	h3_proxy_otel	http2	1	1955.11	101.88MB/s	299.10ms	NA	0	136.1	271.9
veil_musl	h3_proxy_otel	http2	2	1944.69	101.34MB/s	282.84ms	NA	0	124.1	337.8
veil_musl	h3_proxy_otel	http2	3	1937.01	100.94MB/s	297.86ms	NA	0	126.7	357.6
veil_musl	h3_proxy_otel	http3	1	645.15	33.65MB/s	1.48s	NA	0	172.8	465.4
veil_musl	h3_proxy_otel	http3	2	649.34	33.86MB/s	1.47s	NA	0	173.9	477.2
veil_musl	h3_proxy_otel	http3	3	646.44	33.71MB/s	1.48s	NA	0	165.6	501.1
veil_musl	h3_proxy_rate_limit	http1.1	1	2084.98	109.08MB	47.12ms	130.10ms	0	197.7	116.2
veil_musl	h3_proxy_rate_limit	http1.1	2	2078.89	108.78MB	46.91ms	127.33ms	0	190.8	136.9
veil_musl	h3_proxy_rate_limit	http1.1	3	2084.66	109.07MB	46.86ms	126.16ms	0	193.6	143.0
veil_musl	h3_proxy_rate_limit	http2	1	1924.52	100.29MB/s	317.26ms	NA	0	140.5	271.0
veil_musl	h3_proxy_rate_limit	http2	2	1941.55	101.18MB/s	288.59ms	NA	0	124.7	356.1
veil_musl	h3_proxy_rate_limit	http2	3	1901.66	99.10MB/s	293.69ms	NA	0	134.6	370.4
veil_musl	h3_proxy_rate_limit	http3	1	644.35	33.60MB/s	1.48s	NA	0	169.3	466.5
veil_musl	h3_proxy_rate_limit	http3	2	649.17	33.86MB/s	1.47s	NA	0	164.8	480.9
veil_musl	h3_proxy_rate_limit	http3	3	649.55	33.88MB/s	1.47s	NA	0	171.9	476.2
veil_musl	h3_proxy	http1.1	1	2093.38	109.54MB	46.59ms	130.13ms	0	192.8	119.2
veil_musl	h3_proxy	http1.1	2	2101.32	109.91MB	46.81ms	129.65ms	0	194.0	134.0
veil_musl	h3_proxy	http1.1	3	2097.17	109.71MB	46.25ms	118.95ms	0	193.8	135.4
veil_musl	h3_proxy	http2	1	1935.75	100.87MB/s	287.68ms	NA	0	129.1	255.3
veil_musl	h3_proxy	http2	2	1951.00	101.67MB/s	280.21ms	NA	0	120.5	332.9
veil_musl	h3_proxy	http2	3	1957.28	101.99MB/s	289.54ms	NA	0	126.5	346.8
veil_musl	h3_proxy	http3	1	649.27	33.86MB/s	1.46s	NA	0	171.1	467.1
veil_musl	h3_proxy	http3	2	648.77	33.83MB/s	1.48s	NA	0	167.7	496.9
veil_musl	h3_proxy	http3	3	645.86	33.68MB/s	1.48s	NA	0	174.3	498.4
veil_musl	h3_proxy_wasm	http1.1	1	2102.83	110.03MB	46.72ms	135.94ms	0	194.9	192.9
veil_musl	h3_proxy_wasm	http1.1	2	2103.37	110.04MB	46.31ms	121.15ms	0	193.6	216.6
veil_musl	h3_proxy_wasm	http1.1	3	2091.39	109.41MB	46.83ms	130.27ms	0	187.1	224.1
veil_musl	h3_proxy_wasm	http2	1	1917.15	99.90MB/s	289.49ms	NA	0	128.9	347.1
veil_musl	h3_proxy_wasm	http2	2	1918.75	99.99MB/s	293.71ms	NA	0	124.8	414.4
veil_musl	h3_proxy_wasm	http2	3	1928.95	100.52MB/s	300.98ms	NA	0	124.5	423.6
veil_musl	h3_proxy_wasm	http3	1	649.30	33.86MB/s	1.47s	NA	0	173.6	495.9
veil_musl	h3_proxy_wasm	http3	2	653.82	34.10MB/s	1.45s	NA	0	171.6	511.7
veil_musl	h3_proxy_wasm	http3	3	654.10	34.11MB/s	1.46s	NA	0	174.2	523.0
